customer_id,customer_name,country,city,customer_segment
CUST00001,Customer 00001,Portugal,Valencia,Distributor
CUST00002,Customer 00002,Morocco,Fes,Distributor
CUST00003,Customer 00003,France,Tangier,Distributor
CUST00004,Customer 00004,Portugal,Tangier,Retail
CUST00005,Customer 00005,France,Marrakesh,Wholesale
CUST00006,Customer 00006,Spain,Rabat,Wholesale
CUST00007,Customer 00007,Spain,Paris,Retail
CUST00008,Customer 00008,Portugal,Marrakesh,Retail
CUST00009,Customer 00009,France,Istanbul,Retail
CUST00010,Customer 00010,Portugal,Casablanca,Restaurant
CUST00011,Customer 00011,Spain,Milan,Retail
CUST00012,Customer 00012,Portugal,Paris,Distributor
CUST00013,Customer 00013,Portugal,Tangier,Retail
CUST00014,Customer 00014,Spain,Madrid,Retail
CUST00015,Customer 00015,Spain,Milan,Restaurant
CUST00016,Customer 00016,Portugal,Agadir,Restaurant
CUST00017,Customer 00017,Portugal,Marrakesh,Retail
CUST00018,Customer 00018,France,Agadir,Wholesale
CUST00019,Customer 00019,Portugal,Fes,Wholesale
CUST00020,Customer 00020,Morocco,Agadir,Wholesale
CUST00021,Customer 00021,France,Agadir,Restaurant
CUST00022,Customer 00022,France,Barcelona,Wholesale
CUST00023,Customer 00023,France,Madrid,Distributor
CUST00024,Customer 00024,Morocco,Barcelona,Wholesale
CUST00025,Customer 00025,Portugal,Valencia,Distributor
CUST00026,Customer 00026,France,Barcelona,Wholesale
CUST00027,Customer 00027,Spain,Tangier,Wholesale
CUST00028,Customer 00028,Spain,Rabat,Distributor
CUST00029,Customer 00029,France,Marrakesh,Wholesale
CUST00030,Customer 00030,Spain,Madrid,Retail
CUST00031,Customer 00031,Portugal,Madrid,Wholesale
CUST00032,Customer 00032,Morocco,Casablanca,Distributor
CUST00033,Customer 00033,France,Marrakesh,Restaurant
CUST00034,Customer 00034,Morocco,Agadir,Retail
CUST00035,Customer 00035,Spain,Rabat,Wholesale
CUST00036,Customer 00036,France,Barcelona,Restaurant
CUST00037,Customer 00037,Morocco,Rabat,Restaurant
CUST00038,Customer 00038,Morocco,Milan,Retail
CUST00039,Customer 00039,France,Agadir,Restaurant
CUST00040,Customer 00040,Morocco,Paris,Distributor
CUST00041,Customer 00041,France,Paris,Restaurant
CUST00042,Customer 00042,France,Milan,Wholesale
CUST00043,Customer 00043,Spain,Rabat,Wholesale
CUST00044,Customer 00044,Portugal,Madrid,Wholesale
CUST00045,Customer 00045,Portugal,Fes,Distributor
CUST00046,Customer 00046,Morocco,Fes,Wholesale
CUST00047,Customer 00047,Spain,Tangier,Wholesale
CUST00048,Customer 00048,Spain,Marrakesh,Wholesale
CUST00049,Customer 00049,Spain,Valencia,Distributor
CUST00050,Customer 00050,France,Milan,Restaurant
CUST00051,Customer 00051,Portugal,Milan,Retail
CUST00052,Customer 00052,France,Rabat,Restaurant
CUST00053,Customer 00053,Morocco,Agadir,Retail
CUST00054,Customer 00054,Morocco,Tangier,Wholesale
CUST00055,Customer 00055,Spain,Agadir,Restaurant
CUST00056,Customer 00056,Portugal,Agadir,Wholesale
CUST00057,Customer 00057,France,Agadir,Distributor
CUST00058,Customer 00058,Morocco,Milan,Distributor
CUST00059,Customer 00059,Spain,Rabat,Distributor
CUST00060,Customer 00060,Portugal,Barcelona,Restaurant
CUST00061,Customer 00061,Portugal,Fes,Retail
CUST00062,Customer 00062,Portugal,Istanbul,Restaurant
CUST00063,Customer 00063,Spain,Valencia,Distributor
CUST00064,Customer 00064,Morocco,Istanbul,Restaurant
CUST00065,Customer 00065,Morocco,Barcelona,Retail
CUST00066,Customer 00066,Spain,Fes,Wholesale
CUST00067,Customer 00067,Morocco,Fes,Distributor
CUST00068,Customer 00068,Spain,Madrid,Restaurant
CUST00069,Customer 00069,France,Istanbul,Restaurant
CUST00070,Customer 00070,Spain,Madrid,Wholesale
CUST00071,Customer 00071,Spain,Paris,Restaurant
CUST00072,Customer 00072,Spain,Milan,Wholesale
CUST00073,Customer 00073,Morocco,Milan,Restaurant
CUST00074,Customer 00074,Spain,Valencia,Retail
CUST00075,Customer 00075,Morocco,Marrakesh,Restaurant
CUST00076,Customer 00076,Morocco,Marrakesh,Wholesale
CUST00077,Customer 00077,France,Milan,Distributor
CUST00078,Customer 00078,Spain,Barcelona,Wholesale
CUST00079,Customer 00079,France,Milan,Restaurant
CUST00080,Customer 00080,Spain,Fes,Restaurant
CUST00081,Customer 00081,Morocco,Paris,Retail
CUST00082,Customer 00082,Spain,Barcelona,Distributor
CUST00083,Customer 00083,Spain,Tangier,Wholesale
CUST00084,Customer 00084,Morocco,Istanbul,Retail
CUST00085,Customer 00085,Portugal,Valencia,Restaurant
CUST00086,Customer 00086,Morocco,Agadir,Distributor
CUST00087,Customer 00087,Portugal,Tangier,Distributor
CUST00088,Customer 00088,Portugal,Tangier,Wholesale
CUST00089,Customer 00089,France,Rabat,Restaurant
CUST00090,Customer 00090,France,Istanbul,Restaurant
CUST00091,Customer 00091,Morocco,Milan,Distributor
CUST00092,Customer 00092,Spain,Istanbul,Wholesale
CUST00093,Customer 00093,Spain,Agadir,Retail
CUST00094,Customer 00094,France,Fes,Retail
CUST00095,Customer 00095,Morocco,Tangier,Retail
CUST00096,Customer 00096,France,Madrid,Wholesale
CUST00097,Customer 00097,Spain,Valencia,Distributor
CUST00098,Customer 00098,Portugal,Valencia,Retail
CUST00099,Customer 00099,Morocco,Rabat,Distributor
CUST00100,Customer 00100,Portugal,Istanbul,Restaurant
CUST00101,Customer 00101,Portugal,Barcelona,Wholesale
CUST00102,Customer 00102,France,Fes,Wholesale
CUST00103,Customer 00103,Portugal,Madrid,Distributor
CUST00104,Customer 00104,France,Valencia,Retail
CUST00105,Customer 00105,France,Barcelona,Wholesale
CUST00106,Customer 00106,Morocco,Valencia,Retail
CUST00107,Customer 00107,Spain,Marrakesh,Retail
CUST00108,Customer 00108,Spain,Istanbul,Retail
CUST00109,Customer 00109,Spain,Valencia,Distributor
CUST00110,Customer 00110,Morocco,Agadir,Retail
CUST00111,Customer 00111,Spain,Marrakesh,Distributor
CUST00112,Customer 00112,Morocco,Valencia,Retail
CUST00113,Customer 00113,France,Marrakesh,Distributor
CUST00114,Customer 00114,Morocco,Casablanca,Wholesale
CUST00115,Customer 00115,Morocco,Milan,Distributor
CUST00116,Customer 00116,France,Paris,Restaurant
CUST00117,Customer 00117,Morocco,Madrid,Distributor
CUST00118,Customer 00118,Spain,Madrid,Retail
CUST00119,Customer 00119,Portugal,Agadir,Restaurant
CUST00120,Customer 00120,Morocco,Istanbul,Wholesale
CUST00121,Customer 00121,France,Madrid,Restaurant
CUST00122,Customer 00122,Portugal,Madrid,Retail
CUST00123,Customer 00123,Spain,Paris,Retail
CUST00124,Customer 00124,Spain,Istanbul,Distributor
CUST00125,Customer 00125,Spain,Barcelona,Retail
CUST00126,Customer 00126,Spain,Valencia,Wholesale
CUST00127,Customer 00127,Spain,Tangier,Restaurant
CUST00128,Customer 00128,Morocco,Agadir,Restaurant
CUST00129,Customer 00129,France,Marrakesh,Wholesale
CUST00130,Customer 00130,Morocco,Agadir,Restaurant
CUST00131,Customer 00131,Portugal,Tangier,Retail
CUST00132,Customer 00132,Spain,Paris,Distributor
CUST00133,Customer 00133,France,Marrakesh,Restaurant
CUST00134,Customer 00134,Portugal,Madrid,Distributor
CUST00135,Customer 00135,Portugal,Casablanca,Wholesale
CUST00136,Customer 00136,Portugal,Valencia,Restaurant
CUST00137,Customer 00137,France,Tangier,Distributor
CUST00138,Customer 00138,Morocco,Casablanca,Distributor
CUST00139,Customer 00139,Portugal,Paris,Restaurant
CUST00140,Customer 00140,Spain,Valencia,Wholesale
CUST00141,Customer 00141,Morocco,Barcelona,Retail
CUST00142,Customer 00142,Spain,Istanbul,Distributor
CUST00143,Customer 00143,Portugal,Fes,Wholesale
CUST00144,Customer 00144,Portugal,Casablanca,Retail
CUST00145,Customer 00145,Spain,Valencia,Distributor
CUST00146,Customer 00146,Morocco,Barcelona,Restaurant
CUST00147,Customer 00147,Spain,Paris,Wholesale
CUST00148,Customer 00148,France,Rabat,Restaurant
CUST00149,Customer 00149,Spain,Fes,Distributor
CUST00150,Customer 00150,France,Tangier,Restaurant
CUST00151,Customer 00151,Morocco,Casablanca,Wholesale
CUST00152,Customer 00152,France,Istanbul,Distributor
CUST00153,Customer 00153,Portugal,Valencia,Restaurant
CUST00154,Customer 00154,France,Paris,Retail
CUST00155,Customer 00155,Spain,Paris,Distributor
CUST00156,Customer 00156,France,Barcelona,Distributor
CUST00157,Customer 00157,Spain,Valencia,Restaurant
CUST00158,Customer 00158,Spain,Madrid,Wholesale
CUST00159,Customer 00159,Spain,Fes,Wholesale
CUST00160,Customer 00160,Portugal,Paris,Distributor
CUST00161,Customer 00161,Morocco,Paris,Restaurant
CUST00162,Customer 00162,Spain,Milan,Retail
CUST00163,Customer 00163,Morocco,Paris,Restaurant
CUST00164,Customer 00164,France,Valencia,Restaurant
CUST00165,Customer 00165,France,Milan,Retail
CUST00166,Customer 00166,Morocco,Paris,Wholesale
CUST00167,Customer 00167,France,Casablanca,Restaurant
CUST00168,Customer 00168,Spain,Barcelona,Retail
CUST00169,Customer 00169,Portugal,Istanbul,Retail
CUST00170,Customer 00170,Portugal,Valencia,Restaurant
CUST00171,Customer 00171,Morocco,Istanbul,Retail
CUST00172,Customer 00172,France,Valencia,Distributor
CUST00173,Customer 00173,Portugal,Valencia,Restaurant
CUST00174,Customer 00174,Spain,Marrakesh,Restaurant
CUST00175,Customer 00175,Spain,Valencia,Distributor
CUST00176,Customer 00176,Spain,Paris,Restaurant
CUST00177,Customer 00177,France,Tangier,Distributor
CUST00178,Customer 00178,Spain,Tangier,Distributor
CUST00179,Customer 00179,Spain,Istanbul,Retail
CUST00180,Customer 00180,Portugal,Fes,Restaurant
CUST00181,Customer 00181,Spain,Valencia,Distributor
CUST00182,Customer 00182,Spain,Rabat,Restaurant
CUST00183,Customer 00183,Portugal,Fes,Retail
CUST00184,Customer 00184,Spain,Casablanca,Distributor
CUST00185,Customer 00185,Morocco,Fes,Restaurant
CUST00186,Customer 00186,Spain,Istanbul,Restaurant
CUST00187,Customer 00187,France,Tangier,Distributor
CUST00188,Customer 00188,Spain,Marrakesh,Wholesale
CUST00189,Customer 00189,France,Tangier,Wholesale
CUST00190,Customer 00190,France,Milan,Retail
CUST00191,Customer 00191,Morocco,Rabat,Restaurant
CUST00192,Customer 00192,Spain,Istanbul,Restaurant
CUST00193,Customer 00193,Morocco,Milan,Retail
CUST00194,Customer 00194,Morocco,Valencia,Retail
CUST00195,Customer 00195,Portugal,Milan,Restaurant
CUST00196,Customer 00196,Portugal,Milan,Retail
CUST00197,Customer 00197,Spain,Fes,Distributor
CUST00198,Customer 00198,Morocco,Rabat,Retail
CUST00199,Customer 00199,Morocco,Marrakesh,Restaurant
CUST00200,Customer 00200,France,Casablanca,Restaurant
CUST00201,Customer 00201,Portugal,Marrakesh,Distributor
CUST00202,Customer 00202,Morocco,Casablanca,Distributor
CUST00203,Customer 00203,Morocco,Fes,Distributor
CUST00204,Customer 00204,Portugal,Milan,Restaurant
CUST00205,Customer 00205,France,Valencia,Restaurant
CUST00206,Customer 00206,Spain,Tangier,Wholesale
CUST00207,Customer 00207,Spain,Marrakesh,Restaurant
CUST00208,Customer 00208,Spain,Istanbul,Retail
CUST00209,Customer 00209,Morocco,Istanbul,Distributor
CUST00210,Customer 00210,Spain,Paris,Retail
CUST00211,Customer 00211,France,Paris,Restaurant
CUST00212,Customer 00212,Portugal,Valencia,Distributor
CUST00213,Customer 00213,Morocco,Barcelona,Wholesale
CUST00214,Customer 00214,France,Marrakesh,Restaurant
CUST00215,Customer 00215,Spain,Tangier,Wholesale
CUST00216,Customer 00216,Spain,Barcelona,Retail
CUST00217,Customer 00217,Portugal,Agadir,Distributor
CUST00218,Customer 00218,Spain,Paris,Wholesale
CUST00219,Customer 00219,Spain,Milan,Distributor
CUST00220,Customer 00220,France,Casablanca,Wholesale
CUST00221,Customer 00221,Portugal,Agadir,Retail
CUST00222,Customer 00222,Portugal,Milan,Distributor
CUST00223,Customer 00223,Morocco,Milan,Distributor
CUST00224,Customer 00224,Spain,Paris,Retail
CUST00225,Customer 00225,France,Marrakesh,Restaurant
CUST00226,Customer 00226,France,Madrid,Distributor
CUST00227,Customer 00227,Portugal,Istanbul,Restaurant
CUST00228,Customer 00228,France,Tangier,Wholesale
CUST00229,Customer 00229,Portugal,Valencia,Distributor
CUST00230,Customer 00230,Morocco,Paris,Wholesale
CUST00231,Customer 00231,Morocco,Valencia,Retail
CUST00232,Customer 00232,France,Marrakesh,Distributor
CUST00233,Customer 00233,Portugal,Rabat,Retail
CUST00234,Customer 00234,Portugal,Rabat,Restaurant
CUST00235,Customer 00235,Morocco,Madrid,Retail
CUST00236,Customer 00236,Portugal,Madrid,Wholesale
CUST00237,Customer 00237,Portugal,Milan,Distributor
CUST00238,Customer 00238,Morocco,Barcelona,Distributor
CUST00239,Customer 00239,Morocco,Istanbul,Retail
CUST00240,Customer 00240,Morocco,Casablanca,Restaurant
CUST00241,Customer 00241,Spain,Istanbul,Wholesale
CUST00242,Customer 00242,Morocco,Rabat,Restaurant
CUST00243,Customer 00243,Morocco,Agadir,Restaurant
CUST00244,Customer 00244,France,Marrakesh,Restaurant
CUST00245,Customer 00245,Spain,Barcelona,Restaurant
CUST00246,Customer 00246,Portugal,Barcelona,Wholesale
CUST00247,Customer 00247,France,Milan,Distributor
CUST00248,Customer 00248,Morocco,Marrakesh,Restaurant
CUST00249,Customer 00249,France,Istanbul,Retail
CUST00250,Customer 00250,Morocco,Casablanca,Distributor
CUST00251,Customer 00251,Portugal,Milan,Restaurant
CUST00252,Customer 00252,Portugal,Tangier,Retail
CUST00253,Customer 00253,Portugal,Fes,Retail
CUST00254,Customer 00254,Spain,Tangier,Wholesale
CUST00255,Customer 00255,Morocco,Milan,Restaurant
CUST00256,Customer 00256,Morocco,Tangier,Retail
CUST00257,Customer 00257,Morocco,Rabat,Wholesale
CUST00258,Customer 00258,Portugal,Paris,Wholesale
CUST00259,Customer 00259,France,Istanbul,Wholesale
CUST00260,Customer 00260,Portugal,Madrid,Retail
CUST00261,Customer 00261,France,Casablanca,Retail
CUST00262,Customer 00262,Spain,Tangier,Distributor
CUST00263,Customer 00263,Spain,Tangier,Distributor
CUST00264,Customer 00264,France,Milan,Retail
CUST00265,Customer 00265,Portugal,Agadir,Distributor
CUST00266,Customer 00266,Morocco,Valencia,Retail
CUST00267,Customer 00267,Portugal,Valencia,Restaurant
CUST00268,Customer 00268,Morocco,Fes,Restaurant
CUST00269,Customer 00269,Spain,Istanbul,Restaurant
CUST00270,Customer 00270,Portugal,Marrakesh,Distributor
CUST00271,Customer 00271,Portugal,Marrakesh,Restaurant
CUST00272,Customer 00272,France,Tangier,Distributor
CUST00273,Customer 00273,France,Madrid,Wholesale
CUST00274,Customer 00274,Portugal,Barcelona,Retail
CUST00275,Customer 00275,Portugal,Tangier,Distributor
CUST00276,Customer 00276,France,Fes,Wholesale
CUST00277,Customer 00277,Portugal,Fes,Wholesale
CUST00278,Customer 00278,France,Casablanca,Distributor
CUST00279,Customer 00279,Portugal,Milan,Wholesale
CUST00280,Customer 00280,Morocco,Tangier,Retail
CUST00281,Customer 00281,Portugal,Tangier,Distributor
CUST00282,Customer 00282,Spain,Casablanca,Retail
CUST00283,Customer 00283,France,Istanbul,Wholesale
CUST00284,Customer 00284,Portugal,Tangier,Retail
CUST00285,Customer 00285,Portugal,Tangier,Distributor
CUST00286,Customer 00286,Spain,Barcelona,Restaurant
CUST00287,Customer 00287,Spain,Agadir,Distributor
CUST00288,Customer 00288,Spain,Valencia,Restaurant
CUST00289,Customer 00289,Portugal,Rabat,Restaurant
CUST00290,Customer 00290,Spain,Tangier,Distributor
CUST00291,Customer 00291,Spain,Barcelona,Wholesale
CUST00292,Customer 00292,France,Istanbul,Retail
CUST00293,Customer 00293,Morocco,Agadir,Restaurant
CUST00294,Customer 00294,Spain,Marrakesh,Retail
CUST00295,Customer 00295,Spain,Tangier,Restaurant
CUST00296,Customer 00296,France,Madrid,Distributor
CUST00297,Customer 00297,Spain,Madrid,Restaurant
CUST00298,Customer 00298,Portugal,Marrakesh,Distributor
CUST00299,Customer 00299,France,Marrakesh,Restaurant
CUST00300,Customer 00300,France,Valencia,Wholesale
CUST00301,Customer 00301,Morocco,Rabat,Wholesale
CUST00302,Customer 00302,Morocco,Barcelona,Retail
CUST00303,Customer 00303,France,Rabat,Retail
CUST00304,Customer 00304,Morocco,Tangier,Restaurant
CUST00305,Customer 00305,Spain,Casablanca,Restaurant
CUST00306,Customer 00306,Portugal,Casablanca,Wholesale
CUST00307,Customer 00307,Portugal,Casablanca,Wholesale
CUST00308,Customer 00308,Spain,Valencia,Distributor
CUST00309,Customer 00309,Morocco,Valencia,Restaurant
CUST00310,Customer 00310,France,Rabat,Wholesale
CUST00311,Customer 00311,France,Tangier,Retail
CUST00312,Customer 00312,Spain,Fes,Distributor
CUST00313,Customer 00313,Portugal,Rabat,Distributor
CUST00314,Customer 00314,Portugal,Madrid,Retail
CUST00315,Customer 00315,France,Agadir,Wholesale
CUST00316,Customer 00316,Morocco,Rabat,Restaurant
CUST00317,Customer 00317,Portugal,Barcelona,Restaurant
CUST00318,Customer 00318,Morocco,Milan,Wholesale
CUST00319,Customer 00319,France,Rabat,Restaurant
CUST00320,Customer 00320,Portugal,Milan,Distributor
CUST00321,Customer 00321,Morocco,Valencia,Wholesale
CUST00322,Customer 00322,France,Tangier,Restaurant
CUST00323,Customer 00323,Spain,Casablanca,Wholesale
CUST00324,Customer 00324,Spain,Valencia,Wholesale
CUST00325,Customer 00325,France,Fes,Wholesale
CUST00326,Customer 00326,France,Paris,Retail
CUST00327,Customer 00327,Portugal,Rabat,Distributor
CUST00328,Customer 00328,France,Paris,Retail
CUST00329,Customer 00329,Portugal,Milan,Distributor
CUST00330,Customer 00330,Portugal,Istanbul,Retail
CUST00331,Customer 00331,Morocco,Valencia,Distributor
CUST00332,Customer 00332,Morocco,Rabat,Restaurant
CUST00333,Customer 00333,France,Rabat,Distributor
CUST00334,Customer 00334,Portugal,Fes,Wholesale
CUST00335,Customer 00335,Spain,Madrid,Restaurant
CUST00336,Customer 00336,France,Fes,Restaurant
CUST00337,Customer 00337,Portugal,Marrakesh,Restaurant
CUST00338,Customer 00338,Morocco,Paris,Distributor
CUST00339,Customer 00339,France,Istanbul,Wholesale
CUST00340,Customer 00340,Morocco,Agadir,Retail
CUST00341,Customer 00341,Portugal,Istanbul,Retail
CUST00342,Customer 00342,Portugal,Fes,Distributor
CUST00343,Customer 00343,Morocco,Rabat,Wholesale
CUST00344,Customer 00344,Spain,Madrid,Distributor
CUST00345,Customer 00345,Spain,Rabat,Retail
CUST00346,Customer 00346,Morocco,Marrakesh,Restaurant
CUST00347,Customer 00347,Portugal,Valencia,Restaurant
CUST00348,Customer 00348,Morocco,Casablanca,Wholesale
CUST00349,Customer 00349,Spain,Valencia,Wholesale
CUST00350,Customer 00350,Spain,Barcelona,Wholesale
CUST00351,Customer 00351,Spain,Barcelona,Restaurant
CUST00352,Customer 00352,Morocco,Istanbul,Retail
CUST00353,Customer 00353,France,Milan,Restaurant
CUST00354,Customer 00354,France,Marrakesh,Distributor
CUST00355,Customer 00355,Spain,Agadir,Restaurant
CUST00356,Customer 00356,France,Rabat,Retail
CUST00357,Customer 00357,Portugal,Agadir,Restaurant
CUST00358,Customer 00358,Spain,Madrid,Wholesale
CUST00359,Customer 00359,Spain,Agadir,Retail
CUST00360,Customer 00360,Portugal,Paris,Retail
CUST00361,Customer 00361,Portugal,Rabat,Retail
CUST00362,Customer 00362,Spain,Casablanca,Restaurant
CUST00363,Customer 00363,Spain,Paris,Restaurant
CUST00364,Customer 00364,Spain,Madrid,Distributor
CUST00365,Customer 00365,Portugal,Milan,Retail
CUST00366,Customer 00366,Spain,Fes,Retail
CUST00367,Customer 00367,Portugal,Fes,Retail
CUST00368,Customer 00368,Portugal,Fes,Distributor
CUST00369,Customer 00369,Portugal,Paris,Retail
CUST00370,Customer 00370,Spain,Barcelona,Distributor
CUST00371,Customer 00371,Portugal,Fes,Wholesale
CUST00372,Customer 00372,France,Paris,Retail
CUST00373,Customer 00373,Morocco,Istanbul,Restaurant
CUST00374,Customer 00374,France,Madrid,Distributor
CUST00375,Customer 00375,Morocco,Barcelona,Restaurant
CUST00376,Customer 00376,France,Milan,Distributor
CUST00377,Customer 00377,France,Agadir,Retail
CUST00378,Customer 00378,Portugal,Barcelona,Wholesale
CUST00379,Customer 00379,Portugal,Paris,Restaurant
CUST00380,Customer 00380,Portugal,Valencia,Restaurant
CUST00381,Customer 00381,Morocco,Fes,Wholesale
CUST00382,Customer 00382,Morocco,Tangier,Distributor
CUST00383,Customer 00383,France,Milan,Wholesale
CUST00384,Customer 00384,Portugal,Fes,Restaurant
CUST00385,Customer 00385,Morocco,Casablanca,Wholesale
CUST00386,Customer 00386,Spain,Tangier,Retail
CUST00387,Customer 00387,Portugal,Fes,Restaurant
CUST00388,Customer 00388,Portugal,Milan,Retail
CUST00389,Customer 00389,Spain,Casablanca,Restaurant
CUST00390,Customer 00390,Morocco,Agadir,Restaurant
CUST00391,Customer 00391,Morocco,Rabat,Retail
CUST00392,Customer 00392,Spain,Agadir,Distributor
CUST00393,Customer 00393,Portugal,Tangier,Restaurant
CUST00394,Customer 00394,Spain,Madrid,Wholesale
CUST00395,Customer 00395,Portugal,Istanbul,Restaurant
CUST00396,Customer 00396,Spain,Rabat,Distributor
CUST00397,Customer 00397,Morocco,Istanbul,Wholesale
CUST00398,Customer 00398,Morocco,Fes,Wholesale
CUST00399,Customer 00399,France,Istanbul,Retail
CUST00400,Customer 00400,France,Valencia,Retail
CUST00401,Customer 00401,Spain,Valencia,Restaurant
CUST00402,Customer 00402,Portugal,Tangier,Restaurant
CUST00403,Customer 00403,France,Marrakesh,Restaurant
CUST00404,Customer 00404,Portugal,Casablanca,Retail
CUST00405,Customer 00405,Portugal,Paris,Restaurant
CUST00406,Customer 00406,Portugal,Casablanca,Retail
CUST00407,Customer 00407,France,Agadir,Wholesale
CUST00408,Customer 00408,Morocco,Valencia,Retail
CUST00409,Customer 00409,Spain,Fes,Retail
CUST00410,Customer 00410,Portugal,Rabat,Distributor
CUST00411,Customer 00411,Portugal,Valencia,Distributor
CUST00412,Customer 00412,Portugal,Paris,Restaurant
CUST00413,Customer 00413,Morocco,Fes,Distributor
CUST00414,Customer 00414,Portugal,Paris,Retail
CUST00415,Customer 00415,Spain,Paris,Wholesale
CUST00416,Customer 00416,France,Fes,Wholesale
CUST00417,Customer 00417,France,Agadir,Wholesale
CUST00418,Customer 00418,France,Fes,Retail
CUST00419,Customer 00419,Portugal,Barcelona,Retail
CUST00420,Customer 00420,Portugal,Barcelona,Retail
CUST00421,Customer 00421,Portugal,Milan,Retail
CUST00422,Customer 00422,France,Madrid,Distributor
CUST00423,Customer 00423,France,Marrakesh,Distributor
CUST00424,Customer 00424,Portugal,Paris,Wholesale
CUST00425,Customer 00425,Spain,Casablanca,Restaurant
CUST00426,Customer 00426,France,Tangier,Restaurant
CUST00427,Customer 00427,Portugal,Barcelona,Restaurant
CUST00428,Customer 00428,Portugal,Istanbul,Restaurant
CUST00429,Customer 00429,Portugal,Marrakesh,Wholesale
CUST00430,Customer 00430,Morocco,Tangier,Distributor
CUST00431,Customer 00431,Morocco,Agadir,Retail
CUST00432,Customer 00432,Spain,Marrakesh,Restaurant
CUST00433,Customer 00433,Portugal,Valencia,Wholesale
CUST00434,Customer 00434,Morocco,Agadir,Distributor
CUST00435,Customer 00435,Morocco,Istanbul,Restaurant
CUST00436,Customer 00436,France,Barcelona,Wholesale
CUST00437,Customer 00437,France,Agadir,Wholesale
CUST00438,Customer 00438,Portugal,Agadir,Distributor
CUST00439,Customer 00439,Morocco,Madrid,Wholesale
CUST00440,Customer 00440,France,Tangier,Distributor
CUST00441,Customer 00441,Portugal,Marrakesh,Retail
CUST00442,Customer 00442,France,Tangier,Wholesale
CUST00443,Customer 00443,Spain,Valencia,Distributor
CUST00444,Customer 00444,France,Fes,Distributor
CUST00445,Customer 00445,Spain,Paris,Distributor
CUST00446,Customer 00446,Morocco,Marrakesh,Restaurant
CUST00447,Customer 00447,Morocco,Agadir,Retail
CUST00448,Customer 00448,France,Tangier,Retail
CUST00449,Customer 00449,Spain,Tangier,Restaurant
CUST00450,Customer 00450,Portugal,Marrakesh,Distributor
CUST00451,Customer 00451,Portugal,Barcelona,Restaurant
CUST00452,Customer 00452,Morocco,Milan,Wholesale
CUST00453,Customer 00453,Portugal,Valencia,Distributor
CUST00454,Customer 00454,Spain,Madrid,Restaurant
CUST00455,Customer 00455,Spain,Paris,Wholesale
CUST00456,Customer 00456,Morocco,Istanbul,Restaurant
CUST00457,Customer 00457,Spain,Rabat,Restaurant
CUST00458,Customer 00458,France,Barcelona,Retail
CUST00459,Customer 00459,Portugal,Agadir,Distributor
CUST00460,Customer 00460,Spain,Fes,Retail
CUST00461,Customer 00461,Portugal,Fes,Wholesale
CUST00462,Customer 00462,Morocco,Rabat,Restaurant
CUST00463,Customer 00463,Morocco,Rabat,Retail
CUST00464,Customer 00464,Portugal,Madrid,Wholesale
CUST00465,Customer 00465,Portugal,Tangier,Retail
CUST00466,Customer 00466,Spain,Marrakesh,Distributor
CUST00467,Customer 00467,Morocco,Milan,Distributor
CUST00468,Customer 00468,Spain,Rabat,Distributor
CUST00469,Customer 00469,France,Casablanca,Restaurant
CUST00470,Customer 00470,Spain,Istanbul,Retail
CUST00471,Customer 00471,Portugal,Milan,Wholesale
CUST00472,Customer 00472,Morocco,Casablanca,Retail
CUST00473,Customer 00473,Portugal,Rabat,Retail
CUST00474,Customer 00474,France,Valencia,Restaurant
CUST00475,Customer 00475,Morocco,Casablanca,Distributor
CUST00476,Customer 00476,Morocco,Barcelona,Retail
CUST00477,Customer 00477,Portugal,Rabat,Retail
CUST00478,Customer 00478,Portugal,Rabat,Wholesale
CUST00479,Customer 00479,Morocco,Fes,Distributor
CUST00480,Customer 00480,Spain,Marrakesh,Restaurant
CUST00481,Customer 00481,France,Milan,Retail
CUST00482,Customer 00482,Morocco,Valencia,Wholesale
CUST00483,Customer 00483,France,Madrid,Distributor
CUST00484,Customer 00484,France,Milan,Retail
CUST00485,Customer 00485,Portugal,Paris,Restaurant
CUST00486,Customer 00486,France,Rabat,Wholesale
CUST00487,Customer 00487,France,Rabat,Restaurant
CUST00488,Customer 00488,Spain,Barcelona,Distributor
CUST00489,Customer 00489,France,Tangier,Distributor
CUST00490,Customer 00490,Morocco,Tangier,Distributor
CUST00491,Customer 00491,Morocco,Milan,Distributor
CUST00492,Customer 00492,France,Valencia,Retail
CUST00493,Customer 00493,Portugal,Agadir,Wholesale
CUST00494,Customer 00494,France,Madrid,Restaurant
CUST00495,Customer 00495,Morocco,Tangier,Restaurant
CUST00496,Customer 00496,Morocco,Valencia,Wholesale
CUST00497,Customer 00497,Spain,Fes,Retail
CUST00498,Customer 00498,Portugal,Paris,Restaurant
CUST00499,Customer 00499,Spain,Valencia,Retail
CUST00500,Customer 00500,Portugal,Rabat,Wholesale
CUST00501,Customer 00501,Morocco,Casablanca,Distributor
CUST00502,Customer 00502,France,Casablanca,Wholesale
CUST00503,Customer 00503,Portugal,Valencia,Distributor
CUST00504,Customer 00504,Portugal,Barcelona,Restaurant
CUST00505,Customer 00505,Morocco,Milan,Retail
CUST00506,Customer 00506,Spain,Rabat,Distributor
CUST00507,Customer 00507,Morocco,Valencia,Retail
CUST00508,Customer 00508,France,Valencia,Distributor
CUST00509,Customer 00509,Portugal,Paris,Wholesale
CUST00510,Customer 00510,Spain,Istanbul,Restaurant
CUST00511,Customer 00511,France,Casablanca,Retail
CUST00512,Customer 00512,Morocco,Barcelona,Wholesale
CUST00513,Customer 00513,Portugal,Paris,Wholesale
CUST00514,Customer 00514,Spain,Milan,Retail
CUST00515,Customer 00515,Morocco,Casablanca,Retail
CUST00516,Customer 00516,Morocco,Marrakesh,Restaurant
CUST00517,Customer 00517,Spain,Valencia,Distributor
CUST00518,Customer 00518,France,Fes,Retail
CUST00519,Customer 00519,Spain,Istanbul,Wholesale
CUST00520,Customer 00520,Morocco,Fes,Restaurant
CUST00521,Customer 00521,Spain,Valencia,Wholesale
CUST00522,Customer 00522,Spain,Istanbul,Wholesale
CUST00523,Customer 00523,Portugal,Madrid,Distributor
CUST00524,Customer 00524,Morocco,Madrid,Retail
CUST00525,Customer 00525,Spain,Marrakesh,Distributor
CUST00526,Customer 00526,Morocco,Paris,Wholesale
CUST00527,Customer 00527,France,Istanbul,Wholesale
CUST00528,Customer 00528,Morocco,Casablanca,Retail
CUST00529,Customer 00529,Morocco,Madrid,Distributor
CUST00530,Customer 00530,Portugal,Marrakesh,Retail
CUST00531,Customer 00531,Morocco,Valencia,Restaurant
CUST00532,Customer 00532,France,Fes,Retail
CUST00533,Customer 00533,Portugal,Istanbul,Distributor
CUST00534,Customer 00534,Spain,Rabat,Distributor
CUST00535,Customer 00535,Morocco,Valencia,Wholesale
CUST00536,Customer 00536,France,Tangier,Wholesale
CUST00537,Customer 00537,Portugal,Rabat,Restaurant
CUST00538,Customer 00538,Spain,Agadir,Distributor
CUST00539,Customer 00539,Morocco,Valencia,Restaurant
CUST00540,Customer 00540,Morocco,Fes,Retail
CUST00541,Customer 00541,Spain,Paris,Distributor
CUST00542,Customer 00542,France,Madrid,Distributor
CUST00543,Customer 00543,Portugal,Tangier,Retail
CUST00544,Customer 00544,France,Casablanca,Restaurant
CUST00545,Customer 00545,Morocco,Tangier,Distributor
CUST00546,Customer 00546,Morocco,Fes,Wholesale
CUST00547,Customer 00547,Portugal,Istanbul,Distributor
CUST00548,Customer 00548,Morocco,Tangier,Retail
CUST00549,Customer 00549,Portugal,Madrid,Wholesale
CUST00550,Customer 00550,France,Istanbul,Distributor
CUST00551,Customer 00551,Morocco,Casablanca,Retail
CUST00552,Customer 00552,Portugal,Istanbul,Distributor
CUST00553,Customer 00553,Portugal,Istanbul,Wholesale
CUST00554,Customer 00554,Morocco,Valencia,Retail
CUST00555,Customer 00555,Portugal,Rabat,Wholesale
CUST00556,Customer 00556,Portugal,Milan,Retail
CUST00557,Customer 00557,France,Agadir,Distributor
CUST00558,Customer 00558,Spain,Barcelona,Distributor
CUST00559,Customer 00559,Spain,Madrid,Distributor
CUST00560,Customer 00560,France,Rabat,Retail
CUST00561,Customer 00561,France,Paris,Wholesale
CUST00562,Customer 00562,France,Rabat,Retail
CUST00563,Customer 00563,Portugal,Madrid,Distributor
CUST00564,Customer 00564,Portugal,Rabat,Distributor
CUST00565,Customer 00565,France,Madrid,Distributor
CUST00566,Customer 00566,Portugal,Agadir,Wholesale
CUST00567,Customer 00567,Morocco,Marrakesh,Distributor
CUST00568,Customer 00568,Morocco,Tangier,Distributor
CUST00569,Customer 00569,France,Rabat,Retail
CUST00570,Customer 00570,Spain,Barcelona,Wholesale
CUST00571,Customer 00571,Spain,Agadir,Retail
CUST00572,Customer 00572,Morocco,Barcelona,Restaurant
CUST00573,Customer 00573,France,Rabat,Restaurant
CUST00574,Customer 00574,Morocco,Marrakesh,Wholesale
CUST00575,Customer 00575,Morocco,Casablanca,Retail
CUST00576,Customer 00576,France,Tangier,Restaurant
CUST00577,Customer 00577,Spain,Milan,Wholesale
CUST00578,Customer 00578,Spain,Rabat,Wholesale
CUST00579,Customer 00579,Morocco,Tangier,Restaurant
CUST00580,Customer 00580,France,Rabat,Distributor
CUST00581,Customer 00581,Morocco,Casablanca,Restaurant
CUST00582,Customer 00582,Morocco,Marrakesh,Restaurant
CUST00583,Customer 00583,Portugal,Madrid,Wholesale
CUST00584,Customer 00584,Portugal,Milan,Restaurant
CUST00585,Customer 00585,France,Fes,Retail
CUST00586,Customer 00586,France,Agadir,Distributor
CUST00587,Customer 00587,Portugal,Marrakesh,Wholesale
CUST00588,Customer 00588,France,Milan,Distributor
CUST00589,Customer 00589,Portugal,Barcelona,Restaurant
CUST00590,Customer 00590,Morocco,Rabat,Distributor
CUST00591,Customer 00591,Portugal,Marrakesh,Restaurant
CUST00592,Customer 00592,France,Milan,Retail
CUST00593,Customer 00593,Morocco,Barcelona,Distributor
CUST00594,Customer 00594,Portugal,Valencia,Restaurant
CUST00595,Customer 00595,Spain,Paris,Distributor
CUST00596,Customer 00596,Portugal,Agadir,Retail
CUST00597,Customer 00597,Morocco,Fes,Retail
CUST00598,Customer 00598,Morocco,Agadir,Wholesale
CUST00599,Customer 00599,Portugal,Valencia,Distributor
CUST00600,Customer 00600,France,Marrakesh,Wholesale
CUST00601,Customer 00601,France,Milan,Retail
CUST00602,Customer 00602,Spain,Valencia,Wholesale
CUST00603,Customer 00603,France,Paris,Restaurant
CUST00604,Customer 00604,Spain,Marrakesh,Retail
CUST00605,Customer 00605,France,Paris,Distributor
CUST00606,Customer 00606,Spain,Paris,Wholesale
CUST00607,Customer 00607,Spain,Paris,Retail
CUST00608,Customer 00608,France,Madrid,Distributor
CUST00609,Customer 00609,France,Madrid,Wholesale
CUST00610,Customer 00610,Morocco,Casablanca,Retail
CUST00611,Customer 00611,France,Casablanca,Restaurant
CUST00612,Customer 00612,Morocco,Fes,Retail
CUST00613,Customer 00613,France,Fes,Retail
CUST00614,Customer 00614,Spain,Casablanca,Wholesale
CUST00615,Customer 00615,France,Paris,Retail
CUST00616,Customer 00616,Morocco,Valencia,Distributor
CUST00617,Customer 00617,Morocco,Fes,Restaurant
CUST00618,Customer 00618,Morocco,Fes,Distributor
CUST00619,Customer 00619,Spain,Marrakesh,Retail
CUST00620,Customer 00620,Portugal,Milan,Restaurant
CUST00621,Customer 00621,Spain,Marrakesh,Distributor
CUST00622,Customer 00622,France,Milan,Retail
CUST00623,Customer 00623,Portugal,Agadir,Distributor
CUST00624,Customer 00624,France,Marrakesh,Wholesale
CUST00625,Customer 00625,Portugal,Paris,Wholesale
CUST00626,Customer 00626,France,Paris,Distributor
CUST00627,Customer 00627,France,Milan,Wholesale
CUST00628,Customer 00628,Portugal,Marrakesh,Distributor
CUST00629,Customer 00629,Morocco,Tangier,Distributor
CUST00630,Customer 00630,Spain,Marrakesh,Wholesale
CUST00631,Customer 00631,Spain,Madrid,Wholesale
CUST00632,Customer 00632,Spain,Tangier,Retail
CUST00633,Customer 00633,Morocco,Fes,Distributor
CUST00634,Customer 00634,Morocco,Istanbul,Wholesale
CUST00635,Customer 00635,Morocco,Barcelona,Restaurant
CUST00636,Customer 00636,Portugal,Marrakesh,Restaurant
CUST00637,Customer 00637,Portugal,Barcelona,Distributor
CUST00638,Customer 00638,Portugal,Rabat,Restaurant
CUST00639,Customer 00639,France,Marrakesh,Restaurant
CUST00640,Customer 00640,Morocco,Casablanca,Distributor
CUST00641,Customer 00641,Morocco,Fes,Distributor
CUST00642,Customer 00642,Morocco,Rabat,Distributor
CUST00643,Customer 00643,France,Barcelona,Retail
CUST00644,Customer 00644,Morocco,Valencia,Wholesale
CUST00645,Customer 00645,Spain,Paris,Restaurant
CUST00646,Customer 00646,Morocco,Barcelona,Retail
CUST00647,Customer 00647,Portugal,Marrakesh,Wholesale
CUST00648,Customer 00648,Morocco,Fes,Retail
CUST00649,Customer 00649,France,Barcelona,Distributor
CUST00650,Customer 00650,Spain,Agadir,Retail
CUST00651,Customer 00651,Morocco,Casablanca,Restaurant
CUST00652,Customer 00652,Portugal,Marrakesh,Wholesale
CUST00653,Customer 00653,Spain,Casablanca,Restaurant
CUST00654,Customer 00654,Morocco,Agadir,Restaurant
CUST00655,Customer 00655,France,Rabat,Wholesale
CUST00656,Customer 00656,France,Marrakesh,Distributor
CUST00657,Customer 00657,Morocco,Madrid,Wholesale
CUST00658,Customer 00658,Spain,Barcelona,Restaurant
CUST00659,Customer 00659,Portugal,Milan,Distributor
CUST00660,Customer 00660,Morocco,Milan,Restaurant
CUST00661,Customer 00661,France,Fes,Restaurant
CUST00662,Customer 00662,Spain,Marrakesh,Restaurant
CUST00663,Customer 00663,Morocco,Agadir,Restaurant
CUST00664,Customer 00664,Portugal,Agadir,Retail
CUST00665,Customer 00665,Spain,Paris,Wholesale
CUST00666,Customer 00666,France,Istanbul,Wholesale
CUST00667,Customer 00667,Morocco,Milan,Distributor
CUST00668,Customer 00668,Portugal,Paris,Retail
CUST00669,Customer 00669,Morocco,Barcelona,Restaurant
CUST00670,Customer 00670,Portugal,Paris,Retail
CUST00671,Customer 00671,Portugal,Agadir,Wholesale
CUST00672,Customer 00672,Portugal,Istanbul,Wholesale
CUST00673,Customer 00673,France,Rabat,Restaurant
CUST00674,Customer 00674,France,Marrakesh,Retail
CUST00675,Customer 00675,France,Marrakesh,Wholesale
CUST00676,Customer 00676,Portugal,Rabat,Restaurant
CUST00677,Customer 00677,France,Milan,Retail
CUST00678,Customer 00678,Spain,Fes,Wholesale
CUST00679,Customer 00679,Morocco,Barcelona,Restaurant
CUST00680,Customer 00680,Spain,Agadir,Restaurant
CUST00681,Customer 00681,Morocco,Istanbul,Restaurant
CUST00682,Customer 00682,Morocco,Barcelona,Retail
CUST00683,Customer 00683,France,Paris,Wholesale
CUST00684,Customer 00684,Morocco,Paris,Wholesale
CUST00685,Customer 00685,Spain,Valencia,Distributor
CUST00686,Customer 00686,Portugal,Agadir,Restaurant
CUST00687,Customer 00687,Portugal,Paris,Restaurant
CUST00688,Customer 00688,Morocco,Marrakesh,Distributor
CUST00689,Customer 00689,Portugal,Marrakesh,Restaurant
CUST00690,Customer 00690,Morocco,Barcelona,Distributor
CUST00691,Customer 00691,France,Casablanca,Restaurant
CUST00692,Customer 00692,Spain,Fes,Wholesale
CUST00693,Customer 00693,Spain,Agadir,Distributor
CUST00694,Customer 00694,Spain,Madrid,Wholesale
CUST00695,Customer 00695,France,Marrakesh,Distributor
CUST00696,Customer 00696,Portugal,Fes,Distributor
CUST00697,Customer 00697,Portugal,Paris,Wholesale
CUST00698,Customer 00698,France,Madrid,Retail
CUST00699,Customer 00699,Portugal,Istanbul,Restaurant
CUST00700,Customer 00700,Spain,Casablanca,Retail
CUST00701,Customer 00701,Morocco,Agadir,Restaurant
CUST00702,Customer 00702,France,Valencia,Wholesale
CUST00703,Customer 00703,France,Tangier,Retail
CUST00704,Customer 00704,Morocco,Tangier,Wholesale
CUST00705,Customer 00705,Portugal,Casablanca,Distributor
CUST00706,Customer 00706,France,Agadir,Distributor
CUST00707,Customer 00707,Portugal,Valencia,Restaurant
CUST00708,Customer 00708,Morocco,Milan,Wholesale
CUST00709,Customer 00709,France,Fes,Restaurant
CUST00710,Customer 00710,Portugal,Marrakesh,Restaurant
CUST00711,Customer 00711,Spain,Fes,Retail
CUST00712,Customer 00712,Spain,Istanbul,Wholesale
CUST00713,Customer 00713,Spain,Casablanca,Restaurant
CUST00714,Customer 00714,Morocco,Marrakesh,Retail
CUST00715,Customer 00715,France,Milan,Retail
CUST00716,Customer 00716,France,Agadir,Restaurant
CUST00717,Customer 00717,Morocco,Milan,Wholesale
CUST00718,Customer 00718,Portugal,Marrakesh,Retail
CUST00719,Customer 00719,Morocco,Tangier,Distributor
CUST00720,Customer 00720,Spain,Istanbul,Distributor
CUST00721,Customer 00721,Portugal,Barcelona,Distributor
CUST00722,Customer 00722,Portugal,Agadir,Retail
CUST00723,Customer 00723,Portugal,Agadir,Restaurant
CUST00724,Customer 00724,Morocco,Casablanca,Distributor
CUST00725,Customer 00725,Spain,Agadir,Wholesale
CUST00726,Customer 00726,Portugal,Rabat,Distributor
CUST00727,Customer 00727,Spain,Milan,Distributor
CUST00728,Customer 00728,Spain,Agadir,Distributor
CUST00729,Customer 00729,France,Marrakesh,Retail
CUST00730,Customer 00730,Morocco,Paris,Restaurant
CUST00731,Customer 00731,Spain,Milan,Retail
CUST00732,Customer 00732,Morocco,Milan,Restaurant
CUST00733,Customer 00733,Spain,Agadir,Restaurant
CUST00734,Customer 00734,Portugal,Barcelona,Wholesale
CUST00735,Customer 00735,France,Fes,Retail
CUST00736,Customer 00736,Portugal,Milan,Distributor
CUST00737,Customer 00737,Spain,Marrakesh,Retail
CUST00738,Customer 00738,Spain,Rabat,Restaurant
CUST00739,Customer 00739,France,Istanbul,Distributor
CUST00740,Customer 00740,France,Milan,Distributor
CUST00741,Customer 00741,Morocco,Tangier,Distributor
CUST00742,Customer 00742,France,Istanbul,Distributor
CUST00743,Customer 00743,Portugal,Fes,Distributor
CUST00744,Customer 00744,Spain,Paris,Distributor
CUST00745,Customer 00745,Portugal,Rabat,Restaurant
CUST00746,Customer 00746,Morocco,Milan,Wholesale
CUST00747,Customer 00747,Portugal,Tangier,Wholesale
CUST00748,Customer 00748,Portugal,Valencia,Distributor
CUST00749,Customer 00749,Portugal,Casablanca,Retail
CUST00750,Customer 00750,France,Tangier,Distributor
CUST00751,Customer 00751,Portugal,Paris,Restaurant
CUST00752,Customer 00752,France,Fes,Retail
CUST00753,Customer 00753,Morocco,Madrid,Distributor
CUST00754,Customer 00754,France,Fes,Wholesale
CUST00755,Customer 00755,Morocco,Madrid,Distributor
CUST00756,Customer 00756,France,Marrakesh,Retail
CUST00757,Customer 00757,Portugal,Rabat,Retail
CUST00758,Customer 00758,Portugal,Milan,Restaurant
CUST00759,Customer 00759,Portugal,Barcelona,Restaurant
CUST00760,Customer 00760,Portugal,Casablanca,Wholesale
CUST00761,Customer 00761,France,Istanbul,Distributor
CUST00762,Customer 00762,Morocco,Fes,Retail
CUST00763,Customer 00763,Morocco,Milan,Wholesale
CUST00764,Customer 00764,France,Tangier,Distributor
CUST00765,Customer 00765,Spain,Marrakesh,Wholesale
CUST00766,Customer 00766,Portugal,Valencia,Distributor
CUST00767,Customer 00767,France,Rabat,Wholesale
CUST00768,Customer 00768,Spain,Agadir,Restaurant
CUST00769,Customer 00769,Spain,Barcelona,Retail
CUST00770,Customer 00770,Spain,Madrid,Distributor
CUST00771,Customer 00771,France,Marrakesh,Restaurant
CUST00772,Customer 00772,Morocco,Tangier,Retail
CUST00773,Customer 00773,France,Tangier,Wholesale
CUST00774,Customer 00774,France,Rabat,Distributor
CUST00775,Customer 00775,Morocco,Barcelona,Distributor
CUST00776,Customer 00776,Morocco,Paris,Wholesale
CUST00777,Customer 00777,Morocco,Milan,Wholesale
CUST00778,Customer 00778,Morocco,Istanbul,Wholesale
CUST00779,Customer 00779,Portugal,Madrid,Restaurant
CUST00780,Customer 00780,Morocco,Valencia,Distributor
CUST00781,Customer 00781,Portugal,Istanbul,Retail
CUST00782,Customer 00782,France,Istanbul,Wholesale
CUST00783,Customer 00783,Spain,Barcelona,Wholesale
CUST00784,Customer 00784,Spain,Paris,Retail
CUST00785,Customer 00785,Portugal,Rabat,Wholesale
CUST00786,Customer 00786,Spain,Rabat,Wholesale
CUST00787,Customer 00787,Portugal,Tangier,Retail
CUST00788,Customer 00788,Spain,Valencia,Retail
CUST00789,Customer 00789,Spain,Istanbul,Restaurant
CUST00790,Customer 00790,Spain,Marrakesh,Wholesale
CUST00791,Customer 00791,Portugal,Tangier,Restaurant
CUST00792,Customer 00792,Spain,Tangier,Wholesale
CUST00793,Customer 00793,Morocco,Milan,Wholesale
CUST00794,Customer 00794,Morocco,Paris,Restaurant
CUST00795,Customer 00795,France,Rabat,Wholesale
CUST00796,Customer 00796,Morocco,Agadir,Retail
CUST00797,Customer 00797,Portugal,Agadir,Distributor
CUST00798,Customer 00798,Portugal,Casablanca,Wholesale
CUST00799,Customer 00799,France,Casablanca,Distributor
CUST00800,Customer 00800,Spain,Milan,Distributor
CUST00801,Customer 00801,Portugal,Istanbul,Wholesale
CUST00802,Customer 00802,Morocco,Casablanca,Wholesale
CUST00803,Customer 00803,France,Milan,Retail
CUST00804,Customer 00804,Spain,Fes,Restaurant
CUST00805,Customer 00805,Spain,Istanbul,Wholesale
CUST00806,Customer 00806,Spain,Fes,Retail
CUST00807,Customer 00807,Morocco,Barcelona,Restaurant
CUST00808,Customer 00808,Portugal,Agadir,Restaurant
CUST00809,Customer 00809,Portugal,Barcelona,Retail
CUST00810,Customer 00810,Morocco,Marrakesh,Wholesale
CUST00811,Customer 00811,France,Rabat,Restaurant
CUST00812,Customer 00812,Portugal,Paris,Restaurant
CUST00813,Customer 00813,France,Paris,Restaurant
CUST00814,Customer 00814,Spain,Paris,Wholesale
CUST00815,Customer 00815,France,Madrid,Restaurant
CUST00816,Customer 00816,Morocco,Barcelona,Restaurant
CUST00817,Customer 00817,Morocco,Rabat,Distributor
CUST00818,Customer 00818,Spain,Casablanca,Retail
CUST00819,Customer 00819,Spain,Valencia,Wholesale
CUST00820,Customer 00820,Portugal,Milan,Retail
CUST00821,Customer 00821,Portugal,Fes,Restaurant
CUST00822,Customer 00822,France,Valencia,Wholesale
CUST00823,Customer 00823,Morocco,Milan,Retail
CUST00824,Customer 00824,Portugal,Madrid,Retail
CUST00825,Customer 00825,Morocco,Madrid,Distributor
CUST00826,Customer 00826,France,Fes,Distributor
CUST00827,Customer 00827,Morocco,Valencia,Retail
CUST00828,Customer 00828,Portugal,Barcelona,Retail
CUST00829,Customer 00829,Morocco,Madrid,Restaurant
CUST00830,Customer 00830,Portugal,Rabat,Restaurant
CUST00831,Customer 00831,Portugal,Fes,Wholesale
CUST00832,Customer 00832,Portugal,Istanbul,Wholesale
CUST00833,Customer 00833,Morocco,Barcelona,Restaurant
CUST00834,Customer 00834,Morocco,Valencia,Wholesale
CUST00835,Customer 00835,Morocco,Paris,Distributor
CUST00836,Customer 00836,France,Milan,Restaurant
CUST00837,Customer 00837,Spain,Fes,Wholesale
CUST00838,Customer 00838,France,Madrid,Distributor
CUST00839,Customer 00839,Portugal,Istanbul,Distributor
CUST00840,Customer 00840,Portugal,Rabat,Wholesale
CUST00841,Customer 00841,France,Casablanca,Distributor
CUST00842,Customer 00842,Spain,Milan,Distributor
CUST00843,Customer 00843,Spain,Istanbul,Wholesale
CUST00844,Customer 00844,Morocco,Marrakesh,Restaurant
CUST00845,Customer 00845,France,Istanbul,Restaurant
CUST00846,Customer 00846,Morocco,Agadir,Retail
CUST00847,Customer 00847,France,Rabat,Restaurant
CUST00848,Customer 00848,France,Madrid,Retail
CUST00849,Customer 00849,Spain,Rabat,Restaurant
CUST00850,Customer 00850,Morocco,Milan,Wholesale
CUST00851,Customer 00851,Portugal,Madrid,Retail
CUST00852,Customer 00852,Portugal,Casablanca,Wholesale
CUST00853,Customer 00853,Portugal,Paris,Restaurant
CUST00854,Customer 00854,France,Istanbul,Retail
CUST00855,Customer 00855,France,Rabat,Restaurant
CUST00856,Customer 00856,Spain,Valencia,Restaurant
CUST00857,Customer 00857,Portugal,Paris,Retail
CUST00858,Customer 00858,Spain,Barcelona,Distributor
CUST00859,Customer 00859,Spain,Madrid,Retail
CUST00860,Customer 00860,France,Barcelona,Distributor
CUST00861,Customer 00861,Spain,Istanbul,Retail
CUST00862,Customer 00862,France,Tangier,Distributor
CUST00863,Customer 00863,Spain,Milan,Retail
CUST00864,Customer 00864,France,Valencia,Distributor
CUST00865,Customer 00865,Morocco,Fes,Restaurant
CUST00866,Customer 00866,Portugal,Milan,Distributor
CUST00867,Customer 00867,Portugal,Casablanca,Wholesale
CUST00868,Customer 00868,Morocco,Barcelona,Retail
CUST00869,Customer 00869,Morocco,Milan,Wholesale
CUST00870,Customer 00870,France,Agadir,Retail
CUST00871,Customer 00871,Spain,Milan,Distributor
CUST00872,Customer 00872,France,Casablanca,Distributor
CUST00873,Customer 00873,France,Valencia,Wholesale
CUST00874,Customer 00874,Spain,Madrid,Wholesale
CUST00875,Customer 00875,France,Istanbul,Restaurant
CUST00876,Customer 00876,France,Valencia,Distributor
CUST00877,Customer 00877,Morocco,Barcelona,Restaurant
CUST00878,Customer 00878,Portugal,Milan,Distributor
CUST00879,Customer 00879,Morocco,Casablanca,Distributor
CUST00880,Customer 00880,France,Paris,Restaurant
CUST00881,Customer 00881,France,Milan,Distributor
CUST00882,Customer 00882,France,Istanbul,Retail
CUST00883,Customer 00883,Spain,Madrid,Retail
CUST00884,Customer 00884,Morocco,Marrakesh,Retail
CUST00885,Customer 00885,Morocco,Barcelona,Wholesale
CUST00886,Customer 00886,Portugal,Agadir,Distributor
CUST00887,Customer 00887,France,Marrakesh,Distributor
CUST00888,Customer 00888,Morocco,Fes,Restaurant
CUST00889,Customer 00889,France,Casablanca,Retail
CUST00890,Customer 00890,Spain,Paris,Wholesale
CUST00891,Customer 00891,Spain,Madrid,Distributor
CUST00892,Customer 00892,Morocco,Istanbul,Distributor
CUST00893,Customer 00893,France,Marrakesh,Wholesale
CUST00894,Customer 00894,France,Barcelona,Restaurant
CUST00895,Customer 00895,Morocco,Fes,Retail
CUST00896,Customer 00896,France,Milan,Distributor
CUST00897,Customer 00897,Spain,Fes,Distributor
CUST00898,Customer 00898,France,Paris,Restaurant
CUST00899,Customer 00899,Morocco,Rabat,Distributor
CUST00900,Customer 00900,Portugal,Tangier,Retail
CUST00901,Customer 00901,Morocco,Milan,Distributor
CUST00902,Customer 00902,Portugal,Rabat,Restaurant
CUST00903,Customer 00903,Spain,Valencia,Distributor
CUST00904,Customer 00904,Morocco,Valencia,Distributor
CUST00905,Customer 00905,Portugal,Madrid,Wholesale
CUST00906,Customer 00906,Spain,Milan,Retail
CUST00907,Customer 00907,Spain,Valencia,Wholesale
CUST00908,Customer 00908,Morocco,Marrakesh,Wholesale
CUST00909,Customer 00909,Morocco,Tangier,Retail
CUST00910,Customer 00910,Portugal,Rabat,Retail
CUST00911,Customer 00911,Portugal,Milan,Wholesale
CUST00912,Customer 00912,France,Casablanca,Restaurant
CUST00913,Customer 00913,Spain,Casablanca,Wholesale
CUST00914,Customer 00914,Morocco,Casablanca,Retail
CUST00915,Customer 00915,Spain,Valencia,Wholesale
CUST00916,Customer 00916,France,Agadir,Restaurant
CUST00917,Customer 00917,Portugal,Madrid,Restaurant
CUST00918,Customer 00918,Portugal,Fes,Wholesale
CUST00919,Customer 00919,Portugal,Milan,Wholesale
CUST00920,Customer 00920,Morocco,Milan,Wholesale
CUST00921,Customer 00921,Morocco,Istanbul,Wholesale
CUST00922,Customer 00922,Spain,Valencia,Wholesale
CUST00923,Customer 00923,Spain,Milan,Distributor
CUST00924,Customer 00924,Morocco,Agadir,Restaurant
CUST00925,Customer 00925,Portugal,Barcelona,Wholesale
CUST00926,Customer 00926,Portugal,Marrakesh,Retail
CUST00927,Customer 00927,France,Istanbul,Restaurant
CUST00928,Customer 00928,Spain,Milan,Retail
CUST00929,Customer 00929,Spain,Milan,Distributor
CUST00930,Customer 00930,Morocco,Valencia,Retail
CUST00931,Customer 00931,Morocco,Casablanca,Wholesale
CUST00932,Customer 00932,Portugal,Valencia,Wholesale
CUST00933,Customer 00933,Spain,Tangier,Distributor
CUST00934,Customer 00934,France,Barcelona,Retail
CUST00935,Customer 00935,France,Marrakesh,Retail
CUST00936,Customer 00936,Spain,Tangier,Wholesale
CUST00937,Customer 00937,France,Milan,Wholesale
CUST00938,Customer 00938,Portugal,Milan,Wholesale
CUST00939,Customer 00939,Spain,Milan,Wholesale
CUST00940,Customer 00940,Spain,Rabat,Retail
CUST00941,Customer 00941,Portugal,Fes,Distributor
CUST00942,Customer 00942,France,Milan,Retail
CUST00943,Customer 00943,Morocco,Agadir,Wholesale
CUST00944,Customer 00944,France,Fes,Restaurant
CUST00945,Customer 00945,Portugal,Fes,Distributor
CUST00946,Customer 00946,France,Paris,Distributor
CUST00947,Customer 00947,Spain,Barcelona,Retail
CUST00948,Customer 00948,Morocco,Fes,Retail
CUST00949,Customer 00949,France,Istanbul,Restaurant
CUST00950,Customer 00950,Spain,Fes,Retail
CUST00951,Customer 00951,Spain,Madrid,Restaurant
CUST00952,Customer 00952,Portugal,Fes,Distributor
CUST00953,Customer 00953,Portugal,Valencia,Wholesale
CUST00954,Customer 00954,France,Milan,Wholesale
CUST00955,Customer 00955,Spain,Marrakesh,Retail
CUST00956,Customer 00956,Spain,Istanbul,Wholesale
CUST00957,Customer 00957,Morocco,Casablanca,Wholesale
CUST00958,Customer 00958,Portugal,Paris,Retail
CUST00959,Customer 00959,Morocco,Valencia,Distributor
CUST00960,Customer 00960,Portugal,Milan,Retail
CUST00961,Customer 00961,Spain,Barcelona,Retail
CUST00962,Customer 00962,Spain,Marrakesh,Restaurant
CUST00963,Customer 00963,Morocco,Barcelona,Distributor
CUST00964,Customer 00964,Morocco,Milan,Retail
CUST00965,Customer 00965,France,Valencia,Retail
CUST00966,Customer 00966,Portugal,Marrakesh,Retail
CUST00967,Customer 00967,France,Istanbul,Restaurant
CUST00968,Customer 00968,Spain,Casablanca,Retail
CUST00969,Customer 00969,Portugal,Tangier,Wholesale
CUST00970,Customer 00970,Spain,Fes,Retail
CUST00971,Customer 00971,Morocco,Milan,Retail
CUST00972,Customer 00972,Spain,Barcelona,Restaurant
CUST00973,Customer 00973,Portugal,Casablanca,Wholesale
CUST00974,Customer 00974,Spain,Rabat,Distributor
CUST00975,Customer 00975,Spain,Paris,Retail
CUST00976,Customer 00976,Portugal,Milan,Restaurant
CUST00977,Customer 00977,Spain,Paris,Wholesale
CUST00978,Customer 00978,Spain,Barcelona,Retail
CUST00979,Customer 00979,Portugal,Fes,Distributor
CUST00980,Customer 00980,Portugal,Madrid,Wholesale
CUST00981,Customer 00981,France,Madrid,Retail
CUST00982,Customer 00982,France,Rabat,Distributor
CUST00983,Customer 00983,France,Marrakesh,Retail
CUST00984,Customer 00984,France,Fes,Wholesale
CUST00985,Customer 00985,France,Barcelona,Distributor
CUST00986,Customer 00986,Morocco,Madrid,Restaurant
CUST00987,Customer 00987,Portugal,Tangier,Retail
CUST00988,Customer 00988,Portugal,Casablanca,Retail
CUST00989,Customer 00989,Morocco,Marrakesh,Retail
CUST00990,Customer 00990,France,Milan,Wholesale
CUST00991,Customer 00991,France,Casablanca,Retail
CUST00992,Customer 00992,Spain,Marrakesh,Restaurant
CUST00993,Customer 00993,Morocco,Istanbul,Distributor
CUST00994,Customer 00994,Morocco,Tangier,Restaurant
CUST00995,Customer 00995,Portugal,Madrid,Retail
CUST00996,Customer 00996,France,Barcelona,Retail
CUST00997,Customer 00997,France,Paris,Distributor
CUST00998,Customer 00998,France,Istanbul,Distributor
CUST00999,Customer 00999,Portugal,Paris,Wholesale
CUST01000,Customer 01000,France,Barcelona,Restaurant
CUST01001,Customer 01001,France,Rabat,Wholesale
CUST01002,Customer 01002,France,Valencia,Restaurant
CUST01003,Customer 01003,France,Paris,Wholesale
CUST01004,Customer 01004,France,Madrid,Wholesale
CUST01005,Customer 01005,Morocco,Rabat,Restaurant
CUST01006,Customer 01006,France,Paris,Wholesale
CUST01007,Customer 01007,Portugal,Valencia,Restaurant
CUST01008,Customer 01008,Spain,Casablanca,Restaurant
CUST01009,Customer 01009,France,Madrid,Restaurant
CUST01010,Customer 01010,Spain,Paris,Wholesale
CUST01011,Customer 01011,Portugal,Marrakesh,Distributor
CUST01012,Customer 01012,Portugal,Tangier,Wholesale
CUST01013,Customer 01013,Spain,Paris,Restaurant
CUST01014,Customer 01014,Spain,Tangier,Wholesale
CUST01015,Customer 01015,Morocco,Paris,Wholesale
CUST01016,Customer 01016,Morocco,Barcelona,Retail
CUST01017,Customer 01017,Spain,Barcelona,Distributor
CUST01018,Customer 01018,Morocco,Marrakesh,Restaurant
CUST01019,Customer 01019,Spain,Agadir,Restaurant
CUST01020,Customer 01020,Spain,Paris,Distributor
CUST01021,Customer 01021,Portugal,Tangier,Restaurant
CUST01022,Customer 01022,Portugal,Marrakesh,Distributor
CUST01023,Customer 01023,Portugal,Agadir,Distributor
CUST01024,Customer 01024,Spain,Istanbul,Restaurant
CUST01025,Customer 01025,France,Milan,Wholesale
CUST01026,Customer 01026,France,Madrid,Retail
CUST01027,Customer 01027,Morocco,Tangier,Restaurant
CUST01028,Customer 01028,Spain,Valencia,Wholesale
CUST01029,Customer 01029,France,Barcelona,Wholesale
CUST01030,Customer 01030,Morocco,Marrakesh,Restaurant
CUST01031,Customer 01031,Portugal,Rabat,Wholesale
CUST01032,Customer 01032,Spain,Tangier,Distributor
CUST01033,Customer 01033,Morocco,Paris,Wholesale
CUST01034,Customer 01034,Portugal,Barcelona,Distributor
CUST01035,Customer 01035,Morocco,Marrakesh,Restaurant
CUST01036,Customer 01036,Portugal,Casablanca,Retail
CUST01037,Customer 01037,Spain,Tangier,Wholesale
CUST01038,Customer 01038,France,Paris,Retail
CUST01039,Customer 01039,Morocco,Fes,Retail
CUST01040,Customer 01040,Morocco,Marrakesh,Wholesale
CUST01041,Customer 01041,Spain,Barcelona,Distributor
CUST01042,Customer 01042,Portugal,Barcelona,Retail
CUST01043,Customer 01043,Morocco,Istanbul,Wholesale
CUST01044,Customer 01044,Morocco,Valencia,Distributor
CUST01045,Customer 01045,Spain,Fes,Distributor
CUST01046,Customer 01046,France,Paris,Retail
CUST01047,Customer 01047,Portugal,Barcelona,Wholesale
CUST01048,Customer 01048,Spain,Marrakesh,Restaurant
CUST01049,Customer 01049,Morocco,Valencia,Wholesale
CUST01050,Customer 01050,Spain,Fes,Wholesale
CUST01051,Customer 01051,Spain,Valencia,Distributor
CUST01052,Customer 01052,Portugal,Barcelona,Restaurant
CUST01053,Customer 01053,France,Fes,Restaurant
CUST01054,Customer 01054,Portugal,Paris,Wholesale
CUST01055,Customer 01055,Portugal,Rabat,Distributor
CUST01056,Customer 01056,Morocco,Barcelona,Retail
CUST01057,Customer 01057,France,Fes,Restaurant
CUST01058,Customer 01058,Spain,Valencia,Wholesale
CUST01059,Customer 01059,Spain,Tangier,Distributor
CUST01060,Customer 01060,Morocco,Barcelona,Distributor
CUST01061,Customer 01061,Morocco,Valencia,Retail
CUST01062,Customer 01062,Portugal,Fes,Distributor
CUST01063,Customer 01063,France,Paris,Distributor
CUST01064,Customer 01064,France,Istanbul,Retail
CUST01065,Customer 01065,Portugal,Istanbul,Retail
CUST01066,Customer 01066,France,Istanbul,Retail
CUST01067,Customer 01067,Spain,Tangier,Retail
CUST01068,Customer 01068,France,Tangier,Distributor
CUST01069,Customer 01069,France,Rabat,Wholesale
CUST01070,Customer 01070,Morocco,Milan,Restaurant
CUST01071,Customer 01071,Morocco,Valencia,Wholesale
CUST01072,Customer 01072,Portugal,Fes,Distributor
CUST01073,Customer 01073,Portugal,Paris,Distributor
CUST01074,Customer 01074,Portugal,Marrakesh,Distributor
CUST01075,Customer 01075,Portugal,Tangier,Retail
CUST01076,Customer 01076,Morocco,Valencia,Restaurant
CUST01077,Customer 01077,Portugal,Valencia,Wholesale
CUST01078,Customer 01078,Spain,Barcelona,Retail
CUST01079,Customer 01079,Portugal,Rabat,Restaurant
CUST01080,Customer 01080,Spain,Istanbul,Wholesale
CUST01081,Customer 01081,Morocco,Milan,Retail
CUST01082,Customer 01082,Portugal,Paris,Wholesale
CUST01083,Customer 01083,Spain,Fes,Distributor
CUST01084,Customer 01084,France,Valencia,Distributor
CUST01085,Customer 01085,France,Agadir,Restaurant
CUST01086,Customer 01086,Spain,Fes,Retail
CUST01087,Customer 01087,Portugal,Barcelona,Retail
CUST01088,Customer 01088,Portugal,Istanbul,Distributor
CUST01089,Customer 01089,Spain,Barcelona,Distributor
CUST01090,Customer 01090,Portugal,Marrakesh,Retail
CUST01091,Customer 01091,France,Rabat,Distributor
CUST01092,Customer 01092,France,Valencia,Restaurant
CUST01093,Customer 01093,Portugal,Tangier,Retail
CUST01094,Customer 01094,France,Madrid,Wholesale
CUST01095,Customer 01095,France,Barcelona,Restaurant
CUST01096,Customer 01096,France,Milan,Distributor
CUST01097,Customer 01097,Portugal,Agadir,Distributor
CUST01098,Customer 01098,Morocco,Barcelona,Wholesale
CUST01099,Customer 01099,France,Casablanca,Retail
CUST01100,Customer 01100,Spain,Madrid,Wholesale
CUST01101,Customer 01101,Portugal,Istanbul,Distributor
CUST01102,Customer 01102,Spain,Fes,Distributor
CUST01103,Customer 01103,Spain,Fes,Wholesale
CUST01104,Customer 01104,Portugal,Rabat,Distributor
CUST01105,Customer 01105,France,Paris,Retail
CUST01106,Customer 01106,Spain,Fes,Distributor
CUST01107,Customer 01107,Portugal,Istanbul,Restaurant
CUST01108,Customer 01108,Morocco,Barcelona,Distributor
CUST01109,Customer 01109,Portugal,Milan,Retail
CUST01110,Customer 01110,France,Milan,Distributor
CUST01111,Customer 01111,Portugal,Milan,Restaurant
CUST01112,Customer 01112,Morocco,Rabat,Retail
CUST01113,Customer 01113,Spain,Tangier,Distributor
CUST01114,Customer 01114,Spain,Milan,Distributor
CUST01115,Customer 01115,Spain,Paris,Restaurant
CUST01116,Customer 01116,Spain,Madrid,Distributor
CUST01117,Customer 01117,Portugal,Barcelona,Retail
CUST01118,Customer 01118,France,Casablanca,Retail
CUST01119,Customer 01119,France,Milan,Distributor
CUST01120,Customer 01120,Morocco,Tangier,Retail
CUST01121,Customer 01121,Portugal,Rabat,Wholesale
CUST01122,Customer 01122,Morocco,Madrid,Wholesale
CUST01123,Customer 01123,Morocco,Barcelona,Wholesale
CUST01124,Customer 01124,Morocco,Agadir,Retail
CUST01125,Customer 01125,Morocco,Milan,Restaurant
CUST01126,Customer 01126,Spain,Tangier,Retail
CUST01127,Customer 01127,Spain,Madrid,Retail
CUST01128,Customer 01128,France,Valencia,Retail
CUST01129,Customer 01129,Morocco,Casablanca,Distributor
CUST01130,Customer 01130,Spain,Madrid,Restaurant
CUST01131,Customer 01131,Spain,Valencia,Restaurant
CUST01132,Customer 01132,France,Istanbul,Retail
CUST01133,Customer 01133,Portugal,Milan,Restaurant
CUST01134,Customer 01134,Spain,Fes,Restaurant
CUST01135,Customer 01135,France,Rabat,Restaurant
CUST01136,Customer 01136,Spain,Fes,Restaurant
CUST01137,Customer 01137,Spain,Marrakesh,Distributor
CUST01138,Customer 01138,Morocco,Casablanca,Retail
CUST01139,Customer 01139,Spain,Agadir,Restaurant
CUST01140,Customer 01140,Morocco,Istanbul,Restaurant
CUST01141,Customer 01141,Portugal,Agadir,Wholesale
CUST01142,Customer 01142,Portugal,Agadir,Retail
CUST01143,Customer 01143,Morocco,Valencia,Distributor
CUST01144,Customer 01144,France,Barcelona,Restaurant
CUST01145,Customer 01145,Portugal,Tangier,Retail
CUST01146,Customer 01146,Portugal,Barcelona,Retail
CUST01147,Customer 01147,Spain,Rabat,Restaurant
CUST01148,Customer 01148,France,Valencia,Distributor
CUST01149,Customer 01149,Spain,Milan,Distributor
CUST01150,Customer 01150,Portugal,Tangier,Wholesale
CUST01151,Customer 01151,France,Marrakesh,Distributor
CUST01152,Customer 01152,Morocco,Milan,Restaurant
CUST01153,Customer 01153,Portugal,Agadir,Restaurant
CUST01154,Customer 01154,France,Fes,Wholesale
CUST01155,Customer 01155,France,Casablanca,Wholesale
CUST01156,Customer 01156,France,Rabat,Distributor
CUST01157,Customer 01157,Spain,Marrakesh,Restaurant
CUST01158,Customer 01158,Morocco,Tangier,Wholesale
CUST01159,Customer 01159,France,Casablanca,Restaurant
CUST01160,Customer 01160,France,Fes,Restaurant
CUST01161,Customer 01161,Spain,Madrid,Distributor
CUST01162,Customer 01162,Portugal,Istanbul,Wholesale
CUST01163,Customer 01163,Spain,Rabat,Retail
CUST01164,Customer 01164,Morocco,Agadir,Restaurant
CUST01165,Customer 01165,Morocco,Valencia,Restaurant
CUST01166,Customer 01166,France,Tangier,Distributor
CUST01167,Customer 01167,Portugal,Casablanca,Wholesale
CUST01168,Customer 01168,France,Barcelona,Restaurant
CUST01169,Customer 01169,France,Istanbul,Wholesale
CUST01170,Customer 01170,France,Madrid,Wholesale
CUST01171,Customer 01171,France,Madrid,Restaurant
CUST01172,Customer 01172,Spain,Fes,Retail
CUST01173,Customer 01173,Morocco,Istanbul,Wholesale
CUST01174,Customer 01174,Spain,Madrid,Distributor
CUST01175,Customer 01175,France,Fes,Wholesale
CUST01176,Customer 01176,France,Rabat,Retail
CUST01177,Customer 01177,Portugal,Fes,Wholesale
CUST01178,Customer 01178,France,Agadir,Wholesale
CUST01179,Customer 01179,Portugal,Tangier,Wholesale
CUST01180,Customer 01180,Morocco,Paris,Restaurant
CUST01181,Customer 01181,France,Fes,Wholesale
CUST01182,Customer 01182,France,Marrakesh,Restaurant
CUST01183,Customer 01183,Morocco,Milan,Distributor
CUST01184,Customer 01184,Morocco,Casablanca,Distributor
CUST01185,Customer 01185,France,Istanbul,Wholesale
CUST01186,Customer 01186,France,Madrid,Retail
CUST01187,Customer 01187,Spain,Valencia,Distributor
CUST01188,Customer 01188,Portugal,Istanbul,Retail
CUST01189,Customer 01189,Morocco,Istanbul,Restaurant
CUST01190,Customer 01190,Spain,Istanbul,Retail
CUST01191,Customer 01191,Spain,Casablanca,Restaurant
CUST01192,Customer 01192,Portugal,Valencia,Distributor
CUST01193,Customer 01193,Portugal,Tangier,Retail
CUST01194,Customer 01194,Spain,Fes,Restaurant
CUST01195,Customer 01195,Spain,Paris,Retail
CUST01196,Customer 01196,Morocco,Valencia,Retail
CUST01197,Customer 01197,Portugal,Agadir,Distributor
CUST01198,Customer 01198,Spain,Madrid,Wholesale
CUST01199,Customer 01199,Portugal,Istanbul,Retail
CUST01200,Customer 01200,Morocco,Paris,Distributor
CUST01201,Customer 01201,France,Fes,Wholesale
CUST01202,Customer 01202,Portugal,Tangier,Restaurant
CUST01203,Customer 01203,France,Paris,Distributor
CUST01204,Customer 01204,Spain,Barcelona,Distributor
CUST01205,Customer 01205,Morocco,Rabat,Wholesale
CUST01206,Customer 01206,Morocco,Marrakesh,Retail
CUST01207,Customer 01207,Morocco,Tangier,Wholesale
CUST01208,Customer 01208,Portugal,Tangier,Wholesale
CUST01209,Customer 01209,Morocco,Paris,Restaurant
CUST01210,Customer 01210,Portugal,Valencia,Distributor
CUST01211,Customer 01211,Morocco,Fes,Retail
CUST01212,Customer 01212,Morocco,Casablanca,Retail
CUST01213,Customer 01213,Portugal,Rabat,Restaurant
CUST01214,Customer 01214,Morocco,Fes,Restaurant
CUST01215,Customer 01215,Spain,Istanbul,Wholesale
CUST01216,Customer 01216,Spain,Valencia,Wholesale
CUST01217,Customer 01217,Morocco,Agadir,Wholesale
CUST01218,Customer 01218,France,Valencia,Wholesale
CUST01219,Customer 01219,Morocco,Istanbul,Retail
CUST01220,Customer 01220,Portugal,Tangier,Retail
CUST01221,Customer 01221,France,Paris,Retail
CUST01222,Customer 01222,Portugal,Istanbul,Wholesale
CUST01223,Customer 01223,Spain,Milan,Restaurant
CUST01224,Customer 01224,Portugal,Rabat,Retail
CUST01225,Customer 01225,France,Valencia,Restaurant
CUST01226,Customer 01226,Spain,Milan,Retail
CUST01227,Customer 01227,Portugal,Fes,Distributor
CUST01228,Customer 01228,Spain,Fes,Restaurant
CUST01229,Customer 01229,Portugal,Istanbul,Distributor
CUST01230,Customer 01230,France,Paris,Retail
CUST01231,Customer 01231,Portugal,Valencia,Distributor
CUST01232,Customer 01232,Spain,Madrid,Restaurant
CUST01233,Customer 01233,Portugal,Casablanca,Wholesale
CUST01234,Customer 01234,Spain,Paris,Wholesale
CUST01235,Customer 01235,France,Agadir,Wholesale
CUST01236,Customer 01236,Spain,Tangier,Retail
CUST01237,Customer 01237,Spain,Casablanca,Distributor
CUST01238,Customer 01238,France,Rabat,Wholesale
CUST01239,Customer 01239,Portugal,Fes,Retail
CUST01240,Customer 01240,France,Agadir,Distributor
CUST01241,Customer 01241,France,Tangier,Distributor
CUST01242,Customer 01242,Spain,Rabat,Restaurant
CUST01243,Customer 01243,France,Istanbul,Wholesale
CUST01244,Customer 01244,Spain,Madrid,Retail
CUST01245,Customer 01245,Portugal,Istanbul,Wholesale
CUST01246,Customer 01246,Spain,Casablanca,Restaurant
CUST01247,Customer 01247,Morocco,Casablanca,Distributor
CUST01248,Customer 01248,Spain,Barcelona,Restaurant
CUST01249,Customer 01249,Morocco,Tangier,Wholesale
CUST01250,Customer 01250,Portugal,Casablanca,Distributor
CUST01251,Customer 01251,Morocco,Fes,Retail
CUST01252,Customer 01252,Spain,Valencia,Retail
CUST01253,Customer 01253,France,Casablanca,Restaurant
CUST01254,Customer 01254,Portugal,Paris,Wholesale
CUST01255,Customer 01255,France,Barcelona,Distributor
CUST01256,Customer 01256,Portugal,Marrakesh,Retail
CUST01257,Customer 01257,Spain,Rabat,Restaurant
CUST01258,Customer 01258,Morocco,Valencia,Restaurant
CUST01259,Customer 01259,Spain,Rabat,Restaurant
CUST01260,Customer 01260,Portugal,Istanbul,Retail
CUST01261,Customer 01261,France,Madrid,Retail
CUST01262,Customer 01262,Portugal,Barcelona,Retail
CUST01263,Customer 01263,France,Tangier,Wholesale
CUST01264,Customer 01264,Spain,Barcelona,Distributor
CUST01265,Customer 01265,Morocco,Rabat,Restaurant
CUST01266,Customer 01266,Portugal,Fes,Distributor
CUST01267,Customer 01267,France,Fes,Distributor
CUST01268,Customer 01268,Morocco,Agadir,Retail
CUST01269,Customer 01269,Spain,Paris,Restaurant
CUST01270,Customer 01270,France,Madrid,Wholesale
CUST01271,Customer 01271,France,Tangier,Distributor
CUST01272,Customer 01272,France,Istanbul,Wholesale
CUST01273,Customer 01273,Morocco,Istanbul,Wholesale
CUST01274,Customer 01274,France,Paris,Retail
CUST01275,Customer 01275,Spain,Casablanca,Distributor
CUST01276,Customer 01276,Morocco,Agadir,Restaurant
CUST01277,Customer 01277,Portugal,Casablanca,Distributor
CUST01278,Customer 01278,France,Istanbul,Retail
CUST01279,Customer 01279,France,Valencia,Distributor
CUST01280,Customer 01280,Portugal,Paris,Retail
CUST01281,Customer 01281,Morocco,Barcelona,Wholesale
CUST01282,Customer 01282,Spain,Marrakesh,Wholesale
CUST01283,Customer 01283,Spain,Tangier,Distributor
CUST01284,Customer 01284,Morocco,Madrid,Wholesale
CUST01285,Customer 01285,Morocco,Barcelona,Distributor
CUST01286,Customer 01286,Spain,Rabat,Wholesale
CUST01287,Customer 01287,Spain,Milan,Restaurant
CUST01288,Customer 01288,France,Barcelona,Wholesale
CUST01289,Customer 01289,Spain,Madrid,Wholesale
CUST01290,Customer 01290,France,Tangier,Restaurant
CUST01291,Customer 01291,Morocco,Casablanca,Retail
CUST01292,Customer 01292,Spain,Fes,Restaurant
CUST01293,Customer 01293,Portugal,Istanbul,Retail
CUST01294,Customer 01294,Morocco,Fes,Distributor
CUST01295,Customer 01295,Spain,Milan,Distributor
CUST01296,Customer 01296,France,Valencia,Distributor
CUST01297,Customer 01297,Morocco,Milan,Distributor
CUST01298,Customer 01298,Portugal,Casablanca,Distributor
CUST01299,Customer 01299,France,Marrakesh,Distributor
CUST01300,Customer 01300,Portugal,Milan,Retail
CUST01301,Customer 01301,Morocco,Istanbul,Restaurant
CUST01302,Customer 01302,France,Barcelona,Retail
CUST01303,Customer 01303,France,Barcelona,Distributor
CUST01304,Customer 01304,Spain,Madrid,Retail
CUST01305,Customer 01305,France,Milan,Retail
CUST01306,Customer 01306,France,Marrakesh,Distributor
CUST01307,Customer 01307,France,Barcelona,Retail
CUST01308,Customer 01308,France,Fes,Wholesale
CUST01309,Customer 01309,Morocco,Marrakesh,Distributor
CUST01310,Customer 01310,France,Istanbul,Wholesale
CUST01311,Customer 01311,Spain,Barcelona,Restaurant
CUST01312,Customer 01312,Spain,Madrid,Distributor
CUST01313,Customer 01313,France,Tangier,Wholesale
CUST01314,Customer 01314,France,Marrakesh,Wholesale
CUST01315,Customer 01315,Spain,Paris,Retail
CUST01316,Customer 01316,France,Tangier,Wholesale
CUST01317,Customer 01317,Spain,Rabat,Restaurant
CUST01318,Customer 01318,France,Valencia,Restaurant
CUST01319,Customer 01319,Spain,Marrakesh,Restaurant
CUST01320,Customer 01320,Portugal,Madrid,Retail
CUST01321,Customer 01321,France,Tangier,Retail
CUST01322,Customer 01322,Morocco,Barcelona,Wholesale
CUST01323,Customer 01323,Spain,Barcelona,Retail
CUST01324,Customer 01324,France,Tangier,Wholesale
CUST01325,Customer 01325,France,Madrid,Restaurant
CUST01326,Customer 01326,Spain,Madrid,Retail
CUST01327,Customer 01327,Portugal,Barcelona,Wholesale
CUST01328,Customer 01328,Portugal,Istanbul,Distributor
CUST01329,Customer 01329,Portugal,Paris,Wholesale
CUST01330,Customer 01330,Morocco,Madrid,Restaurant
CUST01331,Customer 01331,Morocco,Tangier,Restaurant
CUST01332,Customer 01332,Morocco,Valencia,Restaurant
CUST01333,Customer 01333,Morocco,Tangier,Distributor
CUST01334,Customer 01334,Portugal,Barcelona,Distributor
CUST01335,Customer 01335,Spain,Madrid,Retail
CUST01336,Customer 01336,Portugal,Agadir,Wholesale
CUST01337,Customer 01337,France,Madrid,Restaurant
CUST01338,Customer 01338,Morocco,Istanbul,Wholesale
CUST01339,Customer 01339,France,Paris,Retail
CUST01340,Customer 01340,Portugal,Barcelona,Distributor
CUST01341,Customer 01341,Portugal,Casablanca,Retail
CUST01342,Customer 01342,Portugal,Paris,Retail
CUST01343,Customer 01343,Portugal,Rabat,Distributor
CUST01344,Customer 01344,Spain,Istanbul,Retail
CUST01345,Customer 01345,Morocco,Rabat,Wholesale
CUST01346,Customer 01346,Portugal,Milan,Distributor
CUST01347,Customer 01347,Morocco,Valencia,Restaurant
CUST01348,Customer 01348,France,Barcelona,Restaurant
CUST01349,Customer 01349,Morocco,Marrakesh,Distributor
CUST01350,Customer 01350,France,Marrakesh,Retail
CUST01351,Customer 01351,France,Istanbul,Wholesale
CUST01352,Customer 01352,Portugal,Agadir,Distributor
CUST01353,Customer 01353,Portugal,Agadir,Retail
CUST01354,Customer 01354,Morocco,Marrakesh,Retail
CUST01355,Customer 01355,Morocco,Paris,Distributor
CUST01356,Customer 01356,Morocco,Madrid,Restaurant
CUST01357,Customer 01357,Portugal,Valencia,Wholesale
CUST01358,Customer 01358,Portugal,Tangier,Retail
CUST01359,Customer 01359,Portugal,Madrid,Restaurant
CUST01360,Customer 01360,Portugal,Rabat,Wholesale
CUST01361,Customer 01361,France,Valencia,Distributor
CUST01362,Customer 01362,France,Casablanca,Retail
CUST01363,Customer 01363,France,Casablanca,Distributor
CUST01364,Customer 01364,Morocco,Marrakesh,Wholesale
CUST01365,Customer 01365,Spain,Fes,Wholesale
CUST01366,Customer 01366,Morocco,Rabat,Restaurant
CUST01367,Customer 01367,France,Marrakesh,Distributor
CUST01368,Customer 01368,France,Madrid,Distributor
CUST01369,Customer 01369,Morocco,Rabat,Distributor
CUST01370,Customer 01370,Spain,Fes,Restaurant
CUST01371,Customer 01371,Morocco,Barcelona,Wholesale
CUST01372,Customer 01372,Spain,Madrid,Retail
CUST01373,Customer 01373,Morocco,Istanbul,Distributor
CUST01374,Customer 01374,Spain,Valencia,Restaurant
CUST01375,Customer 01375,France,Istanbul,Retail
CUST01376,Customer 01376,Morocco,Rabat,Wholesale
CUST01377,Customer 01377,Portugal,Istanbul,Distributor
CUST01378,Customer 01378,Portugal,Paris,Distributor
CUST01379,Customer 01379,Spain,Valencia,Distributor
CUST01380,Customer 01380,France,Paris,Restaurant
CUST01381,Customer 01381,Portugal,Madrid,Retail
CUST01382,Customer 01382,France,Istanbul,Distributor
CUST01383,Customer 01383,France,Casablanca,Wholesale
CUST01384,Customer 01384,Morocco,Madrid,Wholesale
CUST01385,Customer 01385,France,Paris,Restaurant
CUST01386,Customer 01386,Portugal,Casablanca,Distributor
CUST01387,Customer 01387,Spain,Valencia,Retail
CUST01388,Customer 01388,Morocco,Milan,Retail
CUST01389,Customer 01389,Spain,Agadir,Wholesale
CUST01390,Customer 01390,Spain,Agadir,Distributor
CUST01391,Customer 01391,Morocco,Rabat,Distributor
CUST01392,Customer 01392,Spain,Barcelona,Wholesale
CUST01393,Customer 01393,France,Tangier,Distributor
CUST01394,Customer 01394,Spain,Milan,Restaurant
CUST01395,Customer 01395,Portugal,Casablanca,Retail
CUST01396,Customer 01396,Portugal,Marrakesh,Restaurant
CUST01397,Customer 01397,Spain,Madrid,Restaurant
CUST01398,Customer 01398,Morocco,Valencia,Distributor
CUST01399,Customer 01399,Spain,Valencia,Wholesale
CUST01400,Customer 01400,France,Paris,Distributor
CUST01401,Customer 01401,Spain,Rabat,Retail
CUST01402,Customer 01402,Spain,Casablanca,Distributor
CUST01403,Customer 01403,Portugal,Milan,Retail
CUST01404,Customer 01404,Portugal,Marrakesh,Wholesale
CUST01405,Customer 01405,Spain,Istanbul,Distributor
CUST01406,Customer 01406,Morocco,Agadir,Restaurant
CUST01407,Customer 01407,Morocco,Madrid,Retail
CUST01408,Customer 01408,Spain,Madrid,Distributor
CUST01409,Customer 01409,France,Valencia,Distributor
CUST01410,Customer 01410,France,Rabat,Distributor
CUST01411,Customer 01411,Morocco,Tangier,Wholesale
CUST01412,Customer 01412,Portugal,Valencia,Wholesale
CUST01413,Customer 01413,Portugal,Valencia,Retail
CUST01414,Customer 01414,France,Fes,Restaurant
CUST01415,Customer 01415,Spain,Fes,Retail
CUST01416,Customer 01416,Morocco,Valencia,Retail
CUST01417,Customer 01417,France,Istanbul,Wholesale
CUST01418,Customer 01418,Portugal,Barcelona,Wholesale
CUST01419,Customer 01419,Morocco,Agadir,Wholesale
CUST01420,Customer 01420,Morocco,Fes,Restaurant
CUST01421,Customer 01421,Morocco,Rabat,Distributor
CUST01422,Customer 01422,Morocco,Paris,Distributor
CUST01423,Customer 01423,France,Fes,Retail
CUST01424,Customer 01424,France,Agadir,Distributor
CUST01425,Customer 01425,Spain,Madrid,Wholesale
CUST01426,Customer 01426,Spain,Marrakesh,Retail
CUST01427,Customer 01427,Spain,Rabat,Wholesale
CUST01428,Customer 01428,Morocco,Tangier,Distributor
CUST01429,Customer 01429,Spain,Agadir,Retail
CUST01430,Customer 01430,Spain,Paris,Retail
CUST01431,Customer 01431,France,Rabat,Distributor
CUST01432,Customer 01432,Spain,Valencia,Restaurant
CUST01433,Customer 01433,Morocco,Marrakesh,Wholesale
CUST01434,Customer 01434,Portugal,Milan,Wholesale
CUST01435,Customer 01435,Morocco,Barcelona,Wholesale
CUST01436,Customer 01436,Morocco,Barcelona,Restaurant
CUST01437,Customer 01437,France,Istanbul,Restaurant
CUST01438,Customer 01438,Spain,Agadir,Distributor
CUST01439,Customer 01439,France,Istanbul,Wholesale
CUST01440,Customer 01440,Portugal,Paris,Retail
CUST01441,Customer 01441,Morocco,Istanbul,Restaurant
CUST01442,Customer 01442,Morocco,Madrid,Distributor
CUST01443,Customer 01443,Portugal,Madrid,Retail
CUST01444,Customer 01444,France,Marrakesh,Distributor
CUST01445,Customer 01445,Spain,Barcelona,Retail
CUST01446,Customer 01446,Spain,Fes,Restaurant
CUST01447,Customer 01447,Portugal,Casablanca,Wholesale
CUST01448,Customer 01448,Portugal,Rabat,Distributor
CUST01449,Customer 01449,Portugal,Madrid,Retail
CUST01450,Customer 01450,Spain,Fes,Retail
CUST01451,Customer 01451,Morocco,Barcelona,Wholesale
CUST01452,Customer 01452,Spain,Valencia,Wholesale
CUST01453,Customer 01453,Spain,Valencia,Restaurant
CUST01454,Customer 01454,Portugal,Paris,Restaurant
CUST01455,Customer 01455,France,Paris,Retail
CUST01456,Customer 01456,France,Madrid,Restaurant
CUST01457,Customer 01457,Morocco,Fes,Retail
CUST01458,Customer 01458,Portugal,Barcelona,Distributor
CUST01459,Customer 01459,France,Marrakesh,Wholesale
CUST01460,Customer 01460,Portugal,Rabat,Restaurant
CUST01461,Customer 01461,Spain,Valencia,Wholesale
CUST01462,Customer 01462,Portugal,Marrakesh,Distributor
CUST01463,Customer 01463,Portugal,Rabat,Wholesale
CUST01464,Customer 01464,Portugal,Fes,Restaurant
CUST01465,Customer 01465,Morocco,Rabat,Retail
CUST01466,Customer 01466,France,Paris,Wholesale
CUST01467,Customer 01467,France,Milan,Retail
CUST01468,Customer 01468,Portugal,Valencia,Distributor
CUST01469,Customer 01469,Portugal,Paris,Restaurant
CUST01470,Customer 01470,France,Tangier,Distributor
CUST01471,Customer 01471,Spain,Paris,Distributor
CUST01472,Customer 01472,Portugal,Istanbul,Distributor
CUST01473,Customer 01473,Morocco,Paris,Wholesale
CUST01474,Customer 01474,Portugal,Marrakesh,Distributor
CUST01475,Customer 01475,Morocco,Fes,Wholesale
CUST01476,Customer 01476,Morocco,Istanbul,Distributor
CUST01477,Customer 01477,Morocco,Agadir,Wholesale
CUST01478,Customer 01478,France,Barcelona,Restaurant
CUST01479,Customer 01479,Spain,Istanbul,Restaurant
CUST01480,Customer 01480,Portugal,Barcelona,Restaurant
CUST01481,Customer 01481,France,Milan,Retail
CUST01482,Customer 01482,Portugal,Marrakesh,Retail
CUST01483,Customer 01483,Portugal,Fes,Restaurant
CUST01484,Customer 01484,France,Agadir,Retail
CUST01485,Customer 01485,France,Casablanca,Wholesale
CUST01486,Customer 01486,Morocco,Marrakesh,Restaurant
CUST01487,Customer 01487,Portugal,Marrakesh,Wholesale
CUST01488,Customer 01488,France,Milan,Restaurant
CUST01489,Customer 01489,Portugal,Istanbul,Restaurant
CUST01490,Customer 01490,France,Madrid,Restaurant
CUST01491,Customer 01491,Portugal,Barcelona,Distributor
CUST01492,Customer 01492,France,Marrakesh,Restaurant
CUST01493,Customer 01493,Morocco,Paris,Restaurant
CUST01494,Customer 01494,France,Istanbul,Distributor
CUST01495,Customer 01495,Portugal,Valencia,Distributor
CUST01496,Customer 01496,Morocco,Casablanca,Restaurant
CUST01497,Customer 01497,Spain,Rabat,Restaurant
CUST01498,Customer 01498,Morocco,Marrakesh,Distributor
CUST01499,Customer 01499,Portugal,Valencia,Wholesale
CUST01500,Customer 01500,Morocco,Tangier,Restaurant
CUST01501,Customer 01501,Morocco,Milan,Distributor
CUST01502,Customer 01502,Morocco,Fes,Wholesale
CUST01503,Customer 01503,Portugal,Madrid,Restaurant
CUST01504,Customer 01504,Spain,Barcelona,Distributor
CUST01505,Customer 01505,Spain,Agadir,Retail
CUST01506,Customer 01506,Morocco,Istanbul,Distributor
CUST01507,Customer 01507,Spain,Casablanca,Restaurant
CUST01508,Customer 01508,France,Paris,Wholesale
CUST01509,Customer 01509,Spain,Istanbul,Wholesale
CUST01510,Customer 01510,Spain,Madrid,Wholesale
CUST01511,Customer 01511,France,Valencia,Wholesale
CUST01512,Customer 01512,Spain,Agadir,Retail
CUST01513,Customer 01513,Spain,Agadir,Distributor
CUST01514,Customer 01514,Morocco,Istanbul,Wholesale
CUST01515,Customer 01515,France,Paris,Retail
CUST01516,Customer 01516,Portugal,Fes,Retail
CUST01517,Customer 01517,Spain,Istanbul,Retail
CUST01518,Customer 01518,Portugal,Marrakesh,Wholesale
CUST01519,Customer 01519,Spain,Rabat,Retail
CUST01520,Customer 01520,France,Madrid,Restaurant
CUST01521,Customer 01521,Portugal,Tangier,Restaurant
CUST01522,Customer 01522,France,Tangier,Distributor
CUST01523,Customer 01523,Morocco,Milan,Distributor
CUST01524,Customer 01524,Morocco,Casablanca,Retail
CUST01525,Customer 01525,Portugal,Barcelona,Restaurant
CUST01526,Customer 01526,Spain,Madrid,Retail
CUST01527,Customer 01527,Portugal,Milan,Restaurant
CUST01528,Customer 01528,Portugal,Agadir,Retail
CUST01529,Customer 01529,Portugal,Casablanca,Distributor
CUST01530,Customer 01530,Portugal,Barcelona,Distributor
CUST01531,Customer 01531,Morocco,Rabat,Distributor
CUST01532,Customer 01532,Portugal,Paris,Distributor
CUST01533,Customer 01533,Spain,Agadir,Distributor
CUST01534,Customer 01534,Morocco,Agadir,Restaurant
CUST01535,Customer 01535,Portugal,Milan,Retail
CUST01536,Customer 01536,France,Valencia,Distributor
CUST01537,Customer 01537,France,Fes,Wholesale
CUST01538,Customer 01538,Morocco,Rabat,Wholesale
CUST01539,Customer 01539,Portugal,Rabat,Wholesale
CUST01540,Customer 01540,Portugal,Fes,Retail
CUST01541,Customer 01541,Spain,Agadir,Retail
CUST01542,Customer 01542,Morocco,Casablanca,Wholesale
CUST01543,Customer 01543,Morocco,Paris,Retail
CUST01544,Customer 01544,Morocco,Istanbul,Wholesale
CUST01545,Customer 01545,Morocco,Paris,Retail
CUST01546,Customer 01546,Portugal,Milan,Retail
CUST01547,Customer 01547,Morocco,Istanbul,Retail
CUST01548,Customer 01548,Spain,Agadir,Restaurant
CUST01549,Customer 01549,Morocco,Milan,Restaurant
CUST01550,Customer 01550,Spain,Barcelona,Distributor
CUST01551,Customer 01551,Spain,Marrakesh,Wholesale
CUST01552,Customer 01552,Spain,Casablanca,Restaurant
CUST01553,Customer 01553,Portugal,Fes,Wholesale
CUST01554,Customer 01554,Spain,Agadir,Retail
CUST01555,Customer 01555,Portugal,Rabat,Restaurant
CUST01556,Customer 01556,France,Paris,Restaurant
CUST01557,Customer 01557,France,Milan,Restaurant
CUST01558,Customer 01558,Morocco,Marrakesh,Restaurant
CUST01559,Customer 01559,France,Paris,Wholesale
CUST01560,Customer 01560,Portugal,Istanbul,Distributor
CUST01561,Customer 01561,Morocco,Casablanca,Wholesale
CUST01562,Customer 01562,Morocco,Paris,Distributor
CUST01563,Customer 01563,Portugal,Casablanca,Restaurant
CUST01564,Customer 01564,France,Milan,Wholesale
CUST01565,Customer 01565,Morocco,Milan,Restaurant
CUST01566,Customer 01566,Spain,Marrakesh,Distributor
CUST01567,Customer 01567,Portugal,Paris,Wholesale
CUST01568,Customer 01568,Portugal,Madrid,Restaurant
CUST01569,Customer 01569,Portugal,Istanbul,Wholesale
CUST01570,Customer 01570,France,Casablanca,Restaurant
CUST01571,Customer 01571,Portugal,Rabat,Distributor
CUST01572,Customer 01572,Spain,Milan,Distributor
CUST01573,Customer 01573,Portugal,Casablanca,Wholesale
CUST01574,Customer 01574,Spain,Valencia,Distributor
CUST01575,Customer 01575,Morocco,Madrid,Distributor
CUST01576,Customer 01576,France,Marrakesh,Wholesale
CUST01577,Customer 01577,Portugal,Milan,Retail
CUST01578,Customer 01578,Spain,Istanbul,Restaurant
CUST01579,Customer 01579,Morocco,Milan,Distributor
CUST01580,Customer 01580,Portugal,Rabat,Restaurant
CUST01581,Customer 01581,France,Marrakesh,Wholesale
CUST01582,Customer 01582,France,Casablanca,Retail
CUST01583,Customer 01583,Portugal,Barcelona,Wholesale
CUST01584,Customer 01584,Spain,Madrid,Restaurant
CUST01585,Customer 01585,Morocco,Casablanca,Distributor
CUST01586,Customer 01586,Morocco,Fes,Wholesale
CUST01587,Customer 01587,Portugal,Rabat,Retail
CUST01588,Customer 01588,Portugal,Milan,Retail
CUST01589,Customer 01589,France,Rabat,Wholesale
CUST01590,Customer 01590,France,Madrid,Wholesale
CUST01591,Customer 01591,Portugal,Paris,Wholesale
CUST01592,Customer 01592,France,Istanbul,Retail
CUST01593,Customer 01593,Morocco,Marrakesh,Wholesale
CUST01594,Customer 01594,Spain,Rabat,Restaurant
CUST01595,Customer 01595,France,Paris,Wholesale
CUST01596,Customer 01596,Morocco,Rabat,Restaurant
CUST01597,Customer 01597,France,Rabat,Retail
CUST01598,Customer 01598,Portugal,Fes,Restaurant
CUST01599,Customer 01599,Spain,Rabat,Retail
CUST01600,Customer 01600,Spain,Tangier,Wholesale
CUST01601,Customer 01601,France,Fes,Wholesale
CUST01602,Customer 01602,Morocco,Agadir,Retail
CUST01603,Customer 01603,Portugal,Marrakesh,Distributor
CUST01604,Customer 01604,France,Madrid,Retail
CUST01605,Customer 01605,Morocco,Marrakesh,Wholesale
CUST01606,Customer 01606,Portugal,Marrakesh,Wholesale
CUST01607,Customer 01607,Portugal,Rabat,Wholesale
CUST01608,Customer 01608,Morocco,Marrakesh,Wholesale
CUST01609,Customer 01609,Spain,Barcelona,Restaurant
CUST01610,Customer 01610,France,Tangier,Retail
CUST01611,Customer 01611,Spain,Valencia,Restaurant
CUST01612,Customer 01612,Portugal,Tangier,Retail
CUST01613,Customer 01613,Morocco,Paris,Retail
CUST01614,Customer 01614,Portugal,Paris,Wholesale
CUST01615,Customer 01615,Spain,Fes,Restaurant
CUST01616,Customer 01616,Morocco,Valencia,Retail
CUST01617,Customer 01617,France,Rabat,Wholesale
CUST01618,Customer 01618,Spain,Valencia,Retail
CUST01619,Customer 01619,Portugal,Milan,Retail
CUST01620,Customer 01620,Spain,Casablanca,Retail
CUST01621,Customer 01621,Morocco,Marrakesh,Restaurant
CUST01622,Customer 01622,Portugal,Marrakesh,Retail
CUST01623,Customer 01623,Morocco,Casablanca,Distributor
CUST01624,Customer 01624,Spain,Tangier,Restaurant
CUST01625,Customer 01625,Spain,Fes,Restaurant
CUST01626,Customer 01626,Morocco,Rabat,Wholesale
CUST01627,Customer 01627,France,Marrakesh,Wholesale
CUST01628,Customer 01628,Portugal,Valencia,Wholesale
CUST01629,Customer 01629,Morocco,Tangier,Restaurant
CUST01630,Customer 01630,Spain,Barcelona,Retail
CUST01631,Customer 01631,Spain,Tangier,Wholesale
CUST01632,Customer 01632,Spain,Tangier,Wholesale
CUST01633,Customer 01633,France,Istanbul,Restaurant
CUST01634,Customer 01634,France,Barcelona,Retail
CUST01635,Customer 01635,Morocco,Madrid,Restaurant
CUST01636,Customer 01636,Morocco,Barcelona,Retail
CUST01637,Customer 01637,France,Paris,Restaurant
CUST01638,Customer 01638,France,Barcelona,Distributor
CUST01639,Customer 01639,France,Madrid,Retail
CUST01640,Customer 01640,Spain,Agadir,Retail
CUST01641,Customer 01641,Spain,Marrakesh,Wholesale
CUST01642,Customer 01642,Morocco,Agadir,Retail
CUST01643,Customer 01643,Morocco,Madrid,Restaurant
CUST01644,Customer 01644,Portugal,Marrakesh,Distributor
CUST01645,Customer 01645,France,Agadir,Retail
CUST01646,Customer 01646,France,Paris,Retail
CUST01647,Customer 01647,Morocco,Barcelona,Restaurant
CUST01648,Customer 01648,France,Paris,Restaurant
CUST01649,Customer 01649,Portugal,Agadir,Wholesale
CUST01650,Customer 01650,Portugal,Istanbul,Retail
CUST01651,Customer 01651,France,Fes,Restaurant
CUST01652,Customer 01652,France,Paris,Retail
CUST01653,Customer 01653,Morocco,Barcelona,Wholesale
CUST01654,Customer 01654,Morocco,Madrid,Wholesale
CUST01655,Customer 01655,Portugal,Valencia,Restaurant
CUST01656,Customer 01656,Portugal,Istanbul,Wholesale
CUST01657,Customer 01657,Portugal,Madrid,Retail
CUST01658,Customer 01658,Morocco,Valencia,Wholesale
CUST01659,Customer 01659,Portugal,Tangier,Retail
CUST01660,Customer 01660,Spain,Agadir,Retail
CUST01661,Customer 01661,Morocco,Casablanca,Restaurant
CUST01662,Customer 01662,Spain,Marrakesh,Restaurant
CUST01663,Customer 01663,Morocco,Madrid,Restaurant
CUST01664,Customer 01664,France,Istanbul,Restaurant
CUST01665,Customer 01665,France,Fes,Restaurant
CUST01666,Customer 01666,Morocco,Milan,Wholesale
CUST01667,Customer 01667,Portugal,Istanbul,Distributor
CUST01668,Customer 01668,Morocco,Agadir,Restaurant
CUST01669,Customer 01669,Spain,Istanbul,Retail
CUST01670,Customer 01670,Morocco,Paris,Distributor
CUST01671,Customer 01671,Morocco,Valencia,Distributor
CUST01672,Customer 01672,Morocco,Rabat,Restaurant
CUST01673,Customer 01673,Spain,Madrid,Wholesale
CUST01674,Customer 01674,Spain,Fes,Retail
CUST01675,Customer 01675,Morocco,Valencia,Retail
CUST01676,Customer 01676,France,Fes,Retail
CUST01677,Customer 01677,Morocco,Milan,Restaurant
CUST01678,Customer 01678,France,Istanbul,Retail
CUST01679,Customer 01679,Spain,Fes,Distributor
CUST01680,Customer 01680,Portugal,Agadir,Wholesale
CUST01681,Customer 01681,Morocco,Fes,Distributor
CUST01682,Customer 01682,Portugal,Madrid,Wholesale
CUST01683,Customer 01683,Portugal,Istanbul,Distributor
CUST01684,Customer 01684,Portugal,Paris,Distributor
CUST01685,Customer 01685,Morocco,Tangier,Restaurant
CUST01686,Customer 01686,Morocco,Rabat,Restaurant
CUST01687,Customer 01687,France,Agadir,Wholesale
CUST01688,Customer 01688,Morocco,Marrakesh,Distributor
CUST01689,Customer 01689,Morocco,Istanbul,Retail
CUST01690,Customer 01690,Portugal,Marrakesh,Retail
CUST01691,Customer 01691,Morocco,Agadir,Restaurant
CUST01692,Customer 01692,France,Madrid,Distributor
CUST01693,Customer 01693,Portugal,Madrid,Wholesale
CUST01694,Customer 01694,Spain,Tangier,Wholesale
CUST01695,Customer 01695,Morocco,Tangier,Distributor
CUST01696,Customer 01696,Portugal,Paris,Distributor
CUST01697,Customer 01697,Spain,Madrid,Restaurant
CUST01698,Customer 01698,Portugal,Agadir,Retail
CUST01699,Customer 01699,Spain,Marrakesh,Distributor
CUST01700,Customer 01700,France,Madrid,Distributor
CUST01701,Customer 01701,Spain,Casablanca,Retail
CUST01702,Customer 01702,Spain,Agadir,Restaurant
CUST01703,Customer 01703,France,Paris,Retail
CUST01704,Customer 01704,Spain,Marrakesh,Retail
CUST01705,Customer 01705,France,Marrakesh,Retail
CUST01706,Customer 01706,Morocco,Casablanca,Distributor
CUST01707,Customer 01707,France,Madrid,Distributor
CUST01708,Customer 01708,Spain,Marrakesh,Retail
CUST01709,Customer 01709,Morocco,Milan,Distributor
CUST01710,Customer 01710,Spain,Marrakesh,Distributor
CUST01711,Customer 01711,Portugal,Valencia,Retail
CUST01712,Customer 01712,Spain,Rabat,Wholesale
CUST01713,Customer 01713,Portugal,Madrid,Retail
CUST01714,Customer 01714,Portugal,Fes,Retail
CUST01715,Customer 01715,Morocco,Istanbul,Distributor
CUST01716,Customer 01716,Spain,Madrid,Distributor
CUST01717,Customer 01717,France,Paris,Restaurant
CUST01718,Customer 01718,Spain,Istanbul,Wholesale
CUST01719,Customer 01719,Portugal,Casablanca,Retail
CUST01720,Customer 01720,Morocco,Agadir,Wholesale
CUST01721,Customer 01721,Portugal,Paris,Retail
CUST01722,Customer 01722,Portugal,Fes,Wholesale
CUST01723,Customer 01723,Spain,Casablanca,Retail
CUST01724,Customer 01724,France,Agadir,Retail
CUST01725,Customer 01725,Morocco,Rabat,Restaurant
CUST01726,Customer 01726,Morocco,Valencia,Restaurant
CUST01727,Customer 01727,France,Madrid,Distributor
CUST01728,Customer 01728,Morocco,Milan,Distributor
CUST01729,Customer 01729,Portugal,Marrakesh,Restaurant
CUST01730,Customer 01730,Spain,Barcelona,Distributor
CUST01731,Customer 01731,Morocco,Agadir,Distributor
CUST01732,Customer 01732,Spain,Agadir,Restaurant
CUST01733,Customer 01733,Morocco,Tangier,Restaurant
CUST01734,Customer 01734,Portugal,Madrid,Distributor
CUST01735,Customer 01735,France,Istanbul,Restaurant
CUST01736,Customer 01736,Portugal,Marrakesh,Wholesale
CUST01737,Customer 01737,France,Tangier,Distributor
CUST01738,Customer 01738,Portugal,Valencia,Distributor
CUST01739,Customer 01739,Morocco,Paris,Restaurant
CUST01740,Customer 01740,Morocco,Casablanca,Restaurant
CUST01741,Customer 01741,Spain,Barcelona,Retail
CUST01742,Customer 01742,Portugal,Istanbul,Retail
CUST01743,Customer 01743,France,Marrakesh,Restaurant
CUST01744,Customer 01744,Spain,Valencia,Restaurant
CUST01745,Customer 01745,Morocco,Agadir,Distributor
CUST01746,Customer 01746,Portugal,Valencia,Restaurant
CUST01747,Customer 01747,France,Casablanca,Wholesale
CUST01748,Customer 01748,France,Agadir,Distributor
CUST01749,Customer 01749,Portugal,Rabat,Distributor
CUST01750,Customer 01750,Portugal,Marrakesh,Restaurant
CUST01751,Customer 01751,France,Casablanca,Wholesale
CUST01752,Customer 01752,Spain,Madrid,Wholesale
CUST01753,Customer 01753,Spain,Paris,Restaurant
CUST01754,Customer 01754,Portugal,Agadir,Restaurant
CUST01755,Customer 01755,Morocco,Fes,Wholesale
CUST01756,Customer 01756,Spain,Marrakesh,Wholesale
CUST01757,Customer 01757,France,Fes,Restaurant
CUST01758,Customer 01758,France,Fes,Retail
CUST01759,Customer 01759,Morocco,Agadir,Distributor
CUST01760,Customer 01760,Portugal,Milan,Distributor
CUST01761,Customer 01761,Morocco,Agadir,Distributor
CUST01762,Customer 01762,Morocco,Valencia,Retail
CUST01763,Customer 01763,France,Rabat,Retail
CUST01764,Customer 01764,Spain,Fes,Distributor
CUST01765,Customer 01765,Spain,Milan,Distributor
CUST01766,Customer 01766,Morocco,Valencia,Distributor
CUST01767,Customer 01767,France,Casablanca,Retail
CUST01768,Customer 01768,Spain,Fes,Restaurant
CUST01769,Customer 01769,Portugal,Fes,Retail
CUST01770,Customer 01770,Morocco,Tangier,Retail
CUST01771,Customer 01771,France,Tangier,Wholesale
CUST01772,Customer 01772,Portugal,Madrid,Wholesale
CUST01773,Customer 01773,Morocco,Marrakesh,Wholesale
CUST01774,Customer 01774,Portugal,Fes,Distributor
CUST01775,Customer 01775,Spain,Marrakesh,Restaurant
CUST01776,Customer 01776,Spain,Marrakesh,Distributor
CUST01777,Customer 01777,Morocco,Istanbul,Wholesale
CUST01778,Customer 01778,France,Marrakesh,Retail
CUST01779,Customer 01779,France,Agadir,Retail
CUST01780,Customer 01780,France,Marrakesh,Wholesale
CUST01781,Customer 01781,Portugal,Istanbul,Wholesale
CUST01782,Customer 01782,Morocco,Casablanca,Restaurant
CUST01783,Customer 01783,Portugal,Casablanca,Retail
CUST01784,Customer 01784,Morocco,Casablanca,Wholesale
CUST01785,Customer 01785,Portugal,Rabat,Distributor
CUST01786,Customer 01786,Morocco,Rabat,Distributor
CUST01787,Customer 01787,Morocco,Rabat,Wholesale
CUST01788,Customer 01788,France,Paris,Retail
CUST01789,Customer 01789,France,Milan,Distributor
CUST01790,Customer 01790,Morocco,Rabat,Retail
CUST01791,Customer 01791,Spain,Paris,Distributor
CUST01792,Customer 01792,Spain,Marrakesh,Retail
CUST01793,Customer 01793,Morocco,Rabat,Wholesale
CUST01794,Customer 01794,France,Istanbul,Retail
CUST01795,Customer 01795,Spain,Marrakesh,Wholesale
CUST01796,Customer 01796,Morocco,Tangier,Restaurant
CUST01797,Customer 01797,Spain,Istanbul,Retail
CUST01798,Customer 01798,Portugal,Milan,Wholesale
CUST01799,Customer 01799,France,Fes,Restaurant
CUST01800,Customer 01800,Portugal,Tangier,Retail
CUST01801,Customer 01801,Portugal,Rabat,Distributor
CUST01802,Customer 01802,Morocco,Madrid,Wholesale
CUST01803,Customer 01803,France,Madrid,Distributor
CUST01804,Customer 01804,Spain,Valencia,Wholesale
CUST01805,Customer 01805,Morocco,Fes,Restaurant
CUST01806,Customer 01806,Morocco,Barcelona,Distributor
CUST01807,Customer 01807,Portugal,Paris,Distributor
CUST01808,Customer 01808,Portugal,Tangier,Restaurant
CUST01809,Customer 01809,Spain,Barcelona,Retail
CUST01810,Customer 01810,Morocco,Madrid,Distributor
CUST01811,Customer 01811,France,Casablanca,Restaurant
CUST01812,Customer 01812,Morocco,Barcelona,Restaurant
CUST01813,Customer 01813,Morocco,Rabat,Retail
CUST01814,Customer 01814,Portugal,Barcelona,Wholesale
CUST01815,Customer 01815,France,Rabat,Distributor
CUST01816,Customer 01816,France,Fes,Retail
CUST01817,Customer 01817,Portugal,Rabat,Retail
CUST01818,Customer 01818,Portugal,Istanbul,Restaurant
CUST01819,Customer 01819,Spain,Istanbul,Distributor
CUST01820,Customer 01820,Portugal,Fes,Restaurant
CUST01821,Customer 01821,Portugal,Madrid,Distributor
CUST01822,Customer 01822,France,Madrid,Wholesale
CUST01823,Customer 01823,Morocco,Agadir,Restaurant
CUST01824,Customer 01824,Portugal,Tangier,Retail
CUST01825,Customer 01825,Morocco,Rabat,Wholesale
CUST01826,Customer 01826,Morocco,Madrid,Wholesale
CUST01827,Customer 01827,France,Barcelona,Distributor
CUST01828,Customer 01828,France,Agadir,Wholesale
CUST01829,Customer 01829,Morocco,Milan,Restaurant
CUST01830,Customer 01830,Portugal,Tangier,Distributor
CUST01831,Customer 01831,Portugal,Madrid,Distributor
CUST01832,Customer 01832,Spain,Valencia,Wholesale
CUST01833,Customer 01833,Morocco,Barcelona,Wholesale
CUST01834,Customer 01834,Portugal,Madrid,Distributor
CUST01835,Customer 01835,Portugal,Madrid,Restaurant
CUST01836,Customer 01836,Morocco,Casablanca,Retail
CUST01837,Customer 01837,Spain,Istanbul,Retail
CUST01838,Customer 01838,Portugal,Barcelona,Retail
CUST01839,Customer 01839,Spain,Istanbul,Restaurant
CUST01840,Customer 01840,Portugal,Rabat,Restaurant
CUST01841,Customer 01841,Portugal,Madrid,Retail
CUST01842,Customer 01842,Morocco,Barcelona,Distributor
CUST01843,Customer 01843,Portugal,Paris,Restaurant
CUST01844,Customer 01844,Spain,Agadir,Distributor
CUST01845,Customer 01845,Morocco,Casablanca,Wholesale
CUST01846,Customer 01846,France,Fes,Distributor
CUST01847,Customer 01847,Morocco,Milan,Distributor
CUST01848,Customer 01848,Portugal,Rabat,Restaurant
CUST01849,Customer 01849,Spain,Fes,Restaurant
CUST01850,Customer 01850,Spain,Casablanca,Retail
CUST01851,Customer 01851,France,Tangier,Distributor
CUST01852,Customer 01852,Morocco,Istanbul,Wholesale
CUST01853,Customer 01853,Spain,Rabat,Distributor
CUST01854,Customer 01854,France,Casablanca,Distributor
CUST01855,Customer 01855,Morocco,Madrid,Restaurant
CUST01856,Customer 01856,Portugal,Agadir,Wholesale
CUST01857,Customer 01857,Portugal,Paris,Wholesale
CUST01858,Customer 01858,Spain,Barcelona,Restaurant
CUST01859,Customer 01859,Spain,Paris,Wholesale
CUST01860,Customer 01860,Portugal,Rabat,Retail
CUST01861,Customer 01861,Spain,Madrid,Distributor
CUST01862,Customer 01862,France,Paris,Distributor
CUST01863,Customer 01863,Spain,Barcelona,Retail
CUST01864,Customer 01864,Portugal,Milan,Wholesale
CUST01865,Customer 01865,France,Agadir,Distributor
CUST01866,Customer 01866,Morocco,Agadir,Restaurant
CUST01867,Customer 01867,France,Paris,Wholesale
CUST01868,Customer 01868,Morocco,Paris,Distributor
CUST01869,Customer 01869,Spain,Rabat,Restaurant
CUST01870,Customer 01870,Portugal,Tangier,Distributor
CUST01871,Customer 01871,Morocco,Milan,Distributor
CUST01872,Customer 01872,Spain,Barcelona,Distributor
CUST01873,Customer 01873,France,Barcelona,Restaurant
CUST01874,Customer 01874,Spain,Paris,Restaurant
CUST01875,Customer 01875,France,Casablanca,Retail
CUST01876,Customer 01876,Portugal,Tangier,Restaurant
CUST01877,Customer 01877,Spain,Milan,Restaurant
CUST01878,Customer 01878,Morocco,Valencia,Retail
CUST01879,Customer 01879,Spain,Madrid,Retail
CUST01880,Customer 01880,France,Marrakesh,Distributor
CUST01881,Customer 01881,Portugal,Barcelona,Distributor
CUST01882,Customer 01882,Morocco,Milan,Retail
CUST01883,Customer 01883,Portugal,Agadir,Distributor
CUST01884,Customer 01884,France,Agadir,Retail
CUST01885,Customer 01885,Portugal,Tangier,Wholesale
CUST01886,Customer 01886,France,Tangier,Wholesale
CUST01887,Customer 01887,France,Agadir,Restaurant
CUST01888,Customer 01888,Portugal,Valencia,Restaurant
CUST01889,Customer 01889,Portugal,Milan,Wholesale
CUST01890,Customer 01890,France,Marrakesh,Distributor
CUST01891,Customer 01891,France,Casablanca,Distributor
CUST01892,Customer 01892,Spain,Milan,Retail
CUST01893,Customer 01893,Morocco,Istanbul,Restaurant
CUST01894,Customer 01894,Morocco,Casablanca,Wholesale
CUST01895,Customer 01895,Spain,Paris,Distributor
CUST01896,Customer 01896,Morocco,Barcelona,Distributor
CUST01897,Customer 01897,Morocco,Barcelona,Retail
CUST01898,Customer 01898,France,Rabat,Wholesale
CUST01899,Customer 01899,Spain,Madrid,Wholesale
CUST01900,Customer 01900,France,Paris,Wholesale
CUST01901,Customer 01901,Spain,Fes,Restaurant
CUST01902,Customer 01902,France,Barcelona,Retail
CUST01903,Customer 01903,France,Rabat,Retail
CUST01904,Customer 01904,France,Agadir,Restaurant
CUST01905,Customer 01905,Portugal,Agadir,Wholesale
CUST01906,Customer 01906,Portugal,Valencia,Distributor
CUST01907,Customer 01907,Morocco,Fes,Restaurant
CUST01908,Customer 01908,Portugal,Milan,Retail
CUST01909,Customer 01909,Spain,Marrakesh,Distributor
CUST01910,Customer 01910,Portugal,Istanbul,Distributor
CUST01911,Customer 01911,Spain,Casablanca,Wholesale
CUST01912,Customer 01912,Morocco,Istanbul,Retail
CUST01913,Customer 01913,Spain,Valencia,Restaurant
CUST01914,Customer 01914,Spain,Milan,Distributor
CUST01915,Customer 01915,Morocco,Valencia,Retail
CUST01916,Customer 01916,Portugal,Barcelona,Wholesale
CUST01917,Customer 01917,Portugal,Agadir,Distributor
CUST01918,Customer 01918,Morocco,Tangier,Distributor
CUST01919,Customer 01919,France,Marrakesh,Restaurant
CUST01920,Customer 01920,Spain,Milan,Restaurant
CUST01921,Customer 01921,Morocco,Agadir,Wholesale
CUST01922,Customer 01922,Portugal,Madrid,Restaurant
CUST01923,Customer 01923,Spain,Istanbul,Restaurant
CUST01924,Customer 01924,Morocco,Marrakesh,Distributor
CUST01925,Customer 01925,Morocco,Fes,Restaurant
CUST01926,Customer 01926,Spain,Madrid,Wholesale
CUST01927,Customer 01927,Morocco,Milan,Retail
CUST01928,Customer 01928,Portugal,Milan,Retail
CUST01929,Customer 01929,Morocco,Barcelona,Retail
CUST01930,Customer 01930,Spain,Fes,Wholesale
CUST01931,Customer 01931,Morocco,Marrakesh,Retail
CUST01932,Customer 01932,France,Paris,Restaurant
CUST01933,Customer 01933,Spain,Madrid,Restaurant
CUST01934,Customer 01934,France,Agadir,Retail
CUST01935,Customer 01935,Spain,Agadir,Retail
CUST01936,Customer 01936,Morocco,Barcelona,Distributor
CUST01937,Customer 01937,France,Barcelona,Restaurant
CUST01938,Customer 01938,France,Casablanca,Wholesale
CUST01939,Customer 01939,France,Rabat,Restaurant
CUST01940,Customer 01940,France,Agadir,Retail
CUST01941,Customer 01941,Morocco,Barcelona,Restaurant
CUST01942,Customer 01942,Spain,Marrakesh,Wholesale
CUST01943,Customer 01943,Spain,Marrakesh,Wholesale
CUST01944,Customer 01944,Morocco,Istanbul,Restaurant
CUST01945,Customer 01945,Portugal,Milan,Restaurant
CUST01946,Customer 01946,Morocco,Tangier,Retail
CUST01947,Customer 01947,France,Agadir,Distributor
CUST01948,Customer 01948,Portugal,Barcelona,Retail
CUST01949,Customer 01949,Portugal,Tangier,Retail
CUST01950,Customer 01950,Spain,Istanbul,Retail
CUST01951,Customer 01951,Portugal,Marrakesh,Restaurant
CUST01952,Customer 01952,France,Casablanca,Distributor
CUST01953,Customer 01953,Spain,Tangier,Restaurant
CUST01954,Customer 01954,France,Fes,Restaurant
CUST01955,Customer 01955,Morocco,Casablanca,Restaurant
CUST01956,Customer 01956,France,Fes,Restaurant
CUST01957,Customer 01957,France,Istanbul,Restaurant
CUST01958,Customer 01958,Portugal,Istanbul,Distributor
CUST01959,Customer 01959,Morocco,Rabat,Wholesale
CUST01960,Customer 01960,Morocco,Fes,Retail
CUST01961,Customer 01961,Portugal,Fes,Wholesale
CUST01962,Customer 01962,Morocco,Agadir,Restaurant
CUST01963,Customer 01963,Spain,Barcelona,Distributor
CUST01964,Customer 01964,France,Valencia,Wholesale
CUST01965,Customer 01965,France,Agadir,Retail
CUST01966,Customer 01966,Portugal,Fes,Restaurant
CUST01967,Customer 01967,France,Rabat,Distributor
CUST01968,Customer 01968,Portugal,Marrakesh,Distributor
CUST01969,Customer 01969,Morocco,Fes,Wholesale
CUST01970,Customer 01970,France,Madrid,Distributor
CUST01971,Customer 01971,Spain,Barcelona,Distributor
CUST01972,Customer 01972,Spain,Paris,Distributor
CUST01973,Customer 01973,Spain,Barcelona,Retail
CUST01974,Customer 01974,Spain,Istanbul,Restaurant
CUST01975,Customer 01975,France,Valencia,Restaurant
CUST01976,Customer 01976,Morocco,Tangier,Retail
CUST01977,Customer 01977,Morocco,Tangier,Retail
CUST01978,Customer 01978,Morocco,Madrid,Distributor
CUST01979,Customer 01979,France,Istanbul,Restaurant
CUST01980,Customer 01980,Portugal,Rabat,Restaurant
CUST01981,Customer 01981,Morocco,Madrid,Distributor
CUST01982,Customer 01982,Portugal,Madrid,Restaurant
CUST01983,Customer 01983,Morocco,Istanbul,Retail
CUST01984,Customer 01984,Morocco,Fes,Wholesale
CUST01985,Customer 01985,France,Agadir,Retail
CUST01986,Customer 01986,France,Istanbul,Distributor
CUST01987,Customer 01987,France,Paris,Wholesale
CUST01988,Customer 01988,France,Barcelona,Wholesale
CUST01989,Customer 01989,France,Madrid,Wholesale
CUST01990,Customer 01990,Spain,Casablanca,Distributor
CUST01991,Customer 01991,Morocco,Barcelona,Distributor
CUST01992,Customer 01992,Morocco,Fes,Retail
CUST01993,Customer 01993,Morocco,Rabat,Restaurant
CUST01994,Customer 01994,Portugal,Madrid,Distributor
CUST01995,Customer 01995,Morocco,Fes,Wholesale
CUST01996,Customer 01996,Portugal,Fes,Retail
CUST01997,Customer 01997,France,Casablanca,Distributor
CUST01998,Customer 01998,Spain,Casablanca,Wholesale
CUST01999,Customer 01999,Portugal,Rabat,Restaurant
CUST02000,Customer 02000,Spain,Marrakesh,Retail
